year	country	region	region_name	archives
2010	"WLD"	"NA"	"*Others"	6265
2010	"AND"	"ECS"	"Europe & Central Asia"	1
2010	"ARE"	"MEA"	"Middle East & North Africa"	95
2010	"AFG"	"SAS"	"South Asia"	9
2010	"WLD"	"NA"	"*Others"	1
2010	"ALB"	"ECS"	"Europe & Central Asia"	19
2010	"ARM"	"ECS"	"Europe & Central Asia"	54
2010	"AGO"	"SSF"	"Sub-Saharan Africa "	27
2010	"ARG"	"LCN"	"Latin America & Caribbean "	1178
2010	"AUT"	"ECS"	"Europe & Central Asia"	83
2010	"AUS"	"EAS"	"East Asia & Pacific"	196
2010	"AZE"	"ECS"	"Europe & Central Asia"	13
2010	"BIH"	"ECS"	"Europe & Central Asia"	75
2010	"BRB"	"LCN"	"Latin America & Caribbean "	3
2010	"BGD"	"SAS"	"South Asia"	176
2010	"BEL"	"ECS"	"Europe & Central Asia"	210
2010	"BFA"	"SSF"	"Sub-Saharan Africa "	4
2010	"BGR"	"ECS"	"Europe & Central Asia"	111
2010	"BHR"	"MEA"	"Middle East & North Africa"	5
2010	"BDI"	"SSF"	"Sub-Saharan Africa "	1
2010	"BEN"	"SSF"	"Sub-Saharan Africa "	4
2010	"BRN"	"EAS"	"East Asia & Pacific"	9
2010	"BOL"	"LCN"	"Latin America & Caribbean "	127
2010	"BRA"	"LCN"	"Latin America & Caribbean "	8113
2010	"BTN"	"SAS"	"South Asia"	15
2010	"BWA"	"SSF"	"Sub-Saharan Africa "	13
2010	"BLR"	"ECS"	"Europe & Central Asia"	33
2010	"BLZ"	"LCN"	"Latin America & Caribbean "	8
2010	"CAN"	"NAC"	"North America"	920
2010	"AUS"	"EAS"	"East Asia & Pacific"	9
2010	"COD"	"SSF"	"Sub-Saharan Africa "	9
2010	"CAF"	"SSF"	"Sub-Saharan Africa "	5
2010	"COG"	"SSF"	"Sub-Saharan Africa "	3
2010	"CHE"	"ECS"	"Europe & Central Asia"	121
2010	"CIV"	"SSF"	"Sub-Saharan Africa "	2
2010	"CHL"	"LCN"	"Latin America & Caribbean "	460
2010	"CMR"	"SSF"	"Sub-Saharan Africa "	6
2010	"CHN"	"EAS"	"East Asia & Pacific"	125
2010	"COL"	"LCN"	"Latin America & Caribbean "	1421
2010	"CRI"	"LCN"	"Latin America & Caribbean "	296
2010	"CUB"	"LCN"	"Latin America & Caribbean "	132
2010	"CPV"	"SSF"	"Sub-Saharan Africa "	1
2010	"CYP"	"ECS"	"Europe & Central Asia"	91
2010	"CZE"	"ECS"	"Europe & Central Asia"	225
2010	"DEU"	"ECS"	"Europe & Central Asia"	1435
2010	"DNK"	"ECS"	"Europe & Central Asia"	279
2010	"DOM"	"LCN"	"Latin America & Caribbean "	24
2010	"DZA"	"MEA"	"Middle East & North Africa"	204
2010	"ECU"	"LCN"	"Latin America & Caribbean "	418
2010	"EST"	"ECS"	"Europe & Central Asia"	54
2010	"EGY"	"MEA"	"Middle East & North Africa"	38
2010	"WLD"	"NA"	"*Others"	1
2010	"ESP"	"ECS"	"Europe & Central Asia"	2255
2010	"ETH"	"SSF"	"Sub-Saharan Africa "	120
2010	"FIN"	"ECS"	"Europe & Central Asia"	179
2010	"FRA"	"ECS"	"Europe & Central Asia"	388
2010	"GAB"	"SSF"	"Sub-Saharan Africa "	5
2010	"GBR"	"ECS"	"Europe & Central Asia"	766
2010	"GRD"	"LCN"	"Latin America & Caribbean "	30
2010	"GEO"	"ECS"	"Europe & Central Asia"	119
2010	"GHA"	"SSF"	"Sub-Saharan Africa "	81
2010	"GMB"	"SSF"	"Sub-Saharan Africa "	4
2010	"GIN"	"SSF"	"Sub-Saharan Africa "	3
2010	"GNQ"	"SSF"	"Sub-Saharan Africa "	1
2010	"GRC"	"ECS"	"Europe & Central Asia"	170
2010	"GTM"	"LCN"	"Latin America & Caribbean "	40
2010	"HKG"	"EAS"	"East Asia & Pacific"	32
2010	"HND"	"LCN"	"Latin America & Caribbean "	27
2010	"HRV"	"ECS"	"Europe & Central Asia"	156
2010	"HTI"	"LCN"	"Latin America & Caribbean "	1
2010	"HUN"	"ECS"	"Europe & Central Asia"	247
2010	"IDN"	"EAS"	"East Asia & Pacific"	33191
2010	"IRL"	"ECS"	"Europe & Central Asia"	33
2010	"ISR"	"MEA"	"Middle East & North Africa"	11
2010	"IND"	"SAS"	"South Asia"	2293
2010	"WLD"	"NA"	"*Others"	15
2010	"IRQ"	"MEA"	"Middle East & North Africa"	332
2010	"IRN"	"MEA"	"Middle East & North Africa"	277
2010	"ISL"	"ECS"	"Europe & Central Asia"	16
2010	"ITA"	"ECS"	"Europe & Central Asia"	798
2010	"JAM"	"LCN"	"Latin America & Caribbean "	1
2010	"JOR"	"MEA"	"Middle East & North Africa"	80
2010	"JPN"	"EAS"	"East Asia & Pacific"	51
2010	"KEN"	"SSF"	"Sub-Saharan Africa "	301
2010	"KGZ"	"ECS"	"Europe & Central Asia"	17
2010	"KHM"	"EAS"	"East Asia & Pacific"	2
2010	"KOR"	"EAS"	"East Asia & Pacific"	19
2010	"KWT"	"MEA"	"Middle East & North Africa"	21
2010	"KAZ"	"ECS"	"Europe & Central Asia"	134
2010	"LAO"	"EAS"	"East Asia & Pacific"	4
2010	"LBN"	"MEA"	"Middle East & North Africa"	16
2010	"LKA"	"SAS"	"South Asia"	53
2010	"LSO"	"SSF"	"Sub-Saharan Africa "	2
2010	"LTU"	"ECS"	"Europe & Central Asia"	195
2010	"LUX"	"ECS"	"Europe & Central Asia"	4
2010	"LVA"	"ECS"	"Europe & Central Asia"	59
2010	"LBY"	"MEA"	"Middle East & North Africa"	80
2010	"MAR"	"MEA"	"Middle East & North Africa"	384
2010	"MDA"	"ECS"	"Europe & Central Asia"	14
2010	"MNE"	"ECS"	"Europe & Central Asia"	16
2010	"MDG"	"SSF"	"Sub-Saharan Africa "	1
2010	"MHL"	"EAS"	"East Asia & Pacific"	3
2010	"MKD"	"ECS"	"Europe & Central Asia"	75
2010	"MLI"	"SSF"	"Sub-Saharan Africa "	23
2010	"MMR"	"EAS"	"East Asia & Pacific"	4
2010	"MNG"	"EAS"	"East Asia & Pacific"	17
2010	"MLT"	"MEA"	"Middle East & North Africa"	1
2010	"MUS"	"SSF"	"Sub-Saharan Africa "	2
2010	"MDV"	"SAS"	"South Asia"	2
2010	"MWI"	"SSF"	"Sub-Saharan Africa "	6
2010	"MEX"	"LCN"	"Latin America & Caribbean "	1111
2010	"MYS"	"EAS"	"East Asia & Pacific"	916
2010	"MOZ"	"SSF"	"Sub-Saharan Africa "	20
2010	"NAM"	"SSF"	"Sub-Saharan Africa "	7
2010	"NGA"	"SSF"	"Sub-Saharan Africa "	671
2010	"NIC"	"LCN"	"Latin America & Caribbean "	58
2010	"NLD"	"ECS"	"Europe & Central Asia"	235
2010	"NOR"	"ECS"	"Europe & Central Asia"	104
2010	"NPL"	"SAS"	"South Asia"	278
2010	"NZL"	"EAS"	"East Asia & Pacific"	122
2010	"OMN"	"MEA"	"Middle East & North Africa"	14
2010	"PAN"	"LCN"	"Latin America & Caribbean "	73
2010	"PER"	"LCN"	"Latin America & Caribbean "	910
2010	"PHL"	"EAS"	"East Asia & Pacific"	243
2010	"PAK"	"SAS"	"South Asia"	991
2010	"POL"	"ECS"	"Europe & Central Asia"	955
2010	"PRI"	"LCN"	"Latin America & Caribbean "	33
2010	"PSE"	"MEA"	"Middle East & North Africa"	16
2010	"PRT"	"ECS"	"Europe & Central Asia"	405
2010	"PLW"	"EAS"	"East Asia & Pacific"	3
2010	"PRY"	"LCN"	"Latin America & Caribbean "	96
2010	"QAT"	"MEA"	"Middle East & North Africa"	8
2010	"FRA"	"ECS"	"Europe & Central Asia"	2
2010	"ROU"	"ECS"	"Europe & Central Asia"	356
2010	"SRB"	"ECS"	"Europe & Central Asia"	340
2010	"RUS"	"ECS"	"Europe & Central Asia"	1251
2010	"RWA"	"SSF"	"Sub-Saharan Africa "	4
2010	"SAU"	"MEA"	"Middle East & North Africa"	53
2010	"SYC"	"SSF"	"Sub-Saharan Africa "	1
2010	"SDN"	"SSF"	"Sub-Saharan Africa "	88
2010	"SWE"	"ECS"	"Europe & Central Asia"	160
2010	"SGP"	"EAS"	"East Asia & Pacific"	956
2010	"SVN"	"ECS"	"Europe & Central Asia"	97
2010	"SVK"	"ECS"	"Europe & Central Asia"	47
2010	"SLE"	"SSF"	"Sub-Saharan Africa "	1
2010	"SEN"	"SSF"	"Sub-Saharan Africa "	6
2010	"SOM"	"SSF"	"Sub-Saharan Africa "	2
2010	"SUR"	"LCN"	"Latin America & Caribbean "	1
2010	"SLV"	"LCN"	"Latin America & Caribbean "	47
2010	"SYR"	"MEA"	"Middle East & North Africa"	27
2010	"SWZ"	"SSF"	"Sub-Saharan Africa "	5
2010	"THA"	"EAS"	"East Asia & Pacific"	1297
2010	"NZL"	"EAS"	"East Asia & Pacific"	30
2010	"TLS"	"EAS"	"East Asia & Pacific"	8
2010	"TUN"	"MEA"	"Middle East & North Africa"	9
2010	"TON"	"EAS"	"East Asia & Pacific"	1
2010	"TUR"	"ECS"	"Europe & Central Asia"	575
2010	"TTO"	"LCN"	"Latin America & Caribbean "	17
2010	"TWN"	"EAS"	"East Asia & Pacific"	36
2010	"TZA"	"SSF"	"Sub-Saharan Africa "	51
2010	"UKR"	"ECS"	"Europe & Central Asia"	3163
2010	"UGA"	"SSF"	"Sub-Saharan Africa "	20
2010	"USA"	"NAC"	"North America"	5430
2010	"URY"	"LCN"	"Latin America & Caribbean "	97
2010	"UZB"	"ECS"	"Europe & Central Asia"	294
2010	"VEN"	"LCN"	"Latin America & Caribbean "	352
2010	"VNM"	"EAS"	"East Asia & Pacific"	310
2010	"VUT"	"EAS"	"East Asia & Pacific"	4
2010	"WSM"	"EAS"	"East Asia & Pacific"	14
2010	"YEM"	"MEA"	"Middle East & North Africa"	32
2010	"ZAF"	"SSF"	"Sub-Saharan Africa "	250
2010	"ZMB"	"SSF"	"Sub-Saharan Africa "	28
2010	"ZWE"	"SSF"	"Sub-Saharan Africa "	24
2011	"WLD"	"NA"	"*Others"	6265
2011	"AND"	"ECS"	"Europe & Central Asia"	1
2011	"ARE"	"MEA"	"Middle East & North Africa"	95
2011	"AFG"	"SAS"	"South Asia"	9
2011	"WLD"	"NA"	"*Others"	1
2011	"ALB"	"ECS"	"Europe & Central Asia"	19
2011	"ARM"	"ECS"	"Europe & Central Asia"	54
2011	"AGO"	"SSF"	"Sub-Saharan Africa "	27
2011	"ARG"	"LCN"	"Latin America & Caribbean "	1178
2011	"AUT"	"ECS"	"Europe & Central Asia"	83
2011	"AUS"	"EAS"	"East Asia & Pacific"	196
2011	"AZE"	"ECS"	"Europe & Central Asia"	13
2011	"BIH"	"ECS"	"Europe & Central Asia"	75
2011	"BRB"	"LCN"	"Latin America & Caribbean "	3
2011	"BGD"	"SAS"	"South Asia"	176
2011	"BEL"	"ECS"	"Europe & Central Asia"	210
2011	"BFA"	"SSF"	"Sub-Saharan Africa "	4
2011	"BGR"	"ECS"	"Europe & Central Asia"	111
2011	"BHR"	"MEA"	"Middle East & North Africa"	5
2011	"BDI"	"SSF"	"Sub-Saharan Africa "	1
2011	"BEN"	"SSF"	"Sub-Saharan Africa "	4
2011	"BRN"	"EAS"	"East Asia & Pacific"	9
2011	"BOL"	"LCN"	"Latin America & Caribbean "	127
2011	"BRA"	"LCN"	"Latin America & Caribbean "	8113
2011	"BTN"	"SAS"	"South Asia"	15
2011	"BWA"	"SSF"	"Sub-Saharan Africa "	13
2011	"BLR"	"ECS"	"Europe & Central Asia"	33
2011	"BLZ"	"LCN"	"Latin America & Caribbean "	8
2011	"CAN"	"NAC"	"North America"	920
2011	"AUS"	"EAS"	"East Asia & Pacific"	9
2011	"COD"	"SSF"	"Sub-Saharan Africa "	9
2011	"CAF"	"SSF"	"Sub-Saharan Africa "	5
2011	"COG"	"SSF"	"Sub-Saharan Africa "	3
2011	"CHE"	"ECS"	"Europe & Central Asia"	121
2011	"CIV"	"SSF"	"Sub-Saharan Africa "	2
2011	"CHL"	"LCN"	"Latin America & Caribbean "	460
2011	"CMR"	"SSF"	"Sub-Saharan Africa "	6
2011	"CHN"	"EAS"	"East Asia & Pacific"	125
2011	"COL"	"LCN"	"Latin America & Caribbean "	1421
2011	"CRI"	"LCN"	"Latin America & Caribbean "	296
2011	"CUB"	"LCN"	"Latin America & Caribbean "	132
2011	"CPV"	"SSF"	"Sub-Saharan Africa "	1
2011	"CYP"	"ECS"	"Europe & Central Asia"	91
2011	"CZE"	"ECS"	"Europe & Central Asia"	225
2011	"DEU"	"ECS"	"Europe & Central Asia"	1435
2011	"DNK"	"ECS"	"Europe & Central Asia"	279
2011	"DOM"	"LCN"	"Latin America & Caribbean "	24
2011	"DZA"	"MEA"	"Middle East & North Africa"	204
2011	"ECU"	"LCN"	"Latin America & Caribbean "	418
2011	"EST"	"ECS"	"Europe & Central Asia"	54
2011	"EGY"	"MEA"	"Middle East & North Africa"	38
2011	"WLD"	"NA"	"*Others"	1
2011	"ESP"	"ECS"	"Europe & Central Asia"	2255
2011	"ETH"	"SSF"	"Sub-Saharan Africa "	120
2011	"FIN"	"ECS"	"Europe & Central Asia"	179
2011	"FRA"	"ECS"	"Europe & Central Asia"	388
2011	"GAB"	"SSF"	"Sub-Saharan Africa "	5
2011	"GBR"	"ECS"	"Europe & Central Asia"	766
2011	"GRD"	"LCN"	"Latin America & Caribbean "	30
2011	"GEO"	"ECS"	"Europe & Central Asia"	119
2011	"GHA"	"SSF"	"Sub-Saharan Africa "	81
2011	"GMB"	"SSF"	"Sub-Saharan Africa "	4
2011	"GIN"	"SSF"	"Sub-Saharan Africa "	3
2011	"GNQ"	"SSF"	"Sub-Saharan Africa "	1
2011	"GRC"	"ECS"	"Europe & Central Asia"	170
2011	"GTM"	"LCN"	"Latin America & Caribbean "	40
2011	"HKG"	"EAS"	"East Asia & Pacific"	32
2011	"HND"	"LCN"	"Latin America & Caribbean "	27
2011	"HRV"	"ECS"	"Europe & Central Asia"	156
2011	"HTI"	"LCN"	"Latin America & Caribbean "	1
2011	"HUN"	"ECS"	"Europe & Central Asia"	247
2011	"IDN"	"EAS"	"East Asia & Pacific"	33191
2011	"IRL"	"ECS"	"Europe & Central Asia"	33
2011	"ISR"	"MEA"	"Middle East & North Africa"	11
2011	"IND"	"SAS"	"South Asia"	2293
2011	"WLD"	"NA"	"*Others"	15
2011	"IRQ"	"MEA"	"Middle East & North Africa"	332
2011	"IRN"	"MEA"	"Middle East & North Africa"	277
2011	"ISL"	"ECS"	"Europe & Central Asia"	16
2011	"ITA"	"ECS"	"Europe & Central Asia"	798
2011	"JAM"	"LCN"	"Latin America & Caribbean "	1
2011	"JOR"	"MEA"	"Middle East & North Africa"	80
2011	"JPN"	"EAS"	"East Asia & Pacific"	51
2011	"KEN"	"SSF"	"Sub-Saharan Africa "	301
2011	"KGZ"	"ECS"	"Europe & Central Asia"	17
2011	"KHM"	"EAS"	"East Asia & Pacific"	2
2011	"KOR"	"EAS"	"East Asia & Pacific"	19
2011	"KWT"	"MEA"	"Middle East & North Africa"	21
2011	"KAZ"	"ECS"	"Europe & Central Asia"	134
2011	"LAO"	"EAS"	"East Asia & Pacific"	4
2011	"LBN"	"MEA"	"Middle East & North Africa"	16
2011	"LKA"	"SAS"	"South Asia"	53
2011	"LSO"	"SSF"	"Sub-Saharan Africa "	2
2011	"LTU"	"ECS"	"Europe & Central Asia"	195
2011	"LUX"	"ECS"	"Europe & Central Asia"	4
2011	"LVA"	"ECS"	"Europe & Central Asia"	59
2011	"LBY"	"MEA"	"Middle East & North Africa"	80
2011	"MAR"	"MEA"	"Middle East & North Africa"	384
2011	"MDA"	"ECS"	"Europe & Central Asia"	14
2011	"MNE"	"ECS"	"Europe & Central Asia"	16
2011	"MDG"	"SSF"	"Sub-Saharan Africa "	1
2011	"MHL"	"EAS"	"East Asia & Pacific"	3
2011	"MKD"	"ECS"	"Europe & Central Asia"	75
2011	"MLI"	"SSF"	"Sub-Saharan Africa "	23
2011	"MMR"	"EAS"	"East Asia & Pacific"	4
2011	"MNG"	"EAS"	"East Asia & Pacific"	17
2011	"MLT"	"MEA"	"Middle East & North Africa"	1
2011	"MUS"	"SSF"	"Sub-Saharan Africa "	2
2011	"MDV"	"SAS"	"South Asia"	2
2011	"MWI"	"SSF"	"Sub-Saharan Africa "	6
2011	"MEX"	"LCN"	"Latin America & Caribbean "	1111
2011	"MYS"	"EAS"	"East Asia & Pacific"	916
2011	"MOZ"	"SSF"	"Sub-Saharan Africa "	20
2011	"NAM"	"SSF"	"Sub-Saharan Africa "	7
2011	"NGA"	"SSF"	"Sub-Saharan Africa "	671
2011	"NIC"	"LCN"	"Latin America & Caribbean "	58
2011	"NLD"	"ECS"	"Europe & Central Asia"	235
2011	"NOR"	"ECS"	"Europe & Central Asia"	104
2011	"NPL"	"SAS"	"South Asia"	278
2011	"NZL"	"EAS"	"East Asia & Pacific"	122
2011	"OMN"	"MEA"	"Middle East & North Africa"	14
2011	"PAN"	"LCN"	"Latin America & Caribbean "	73
2011	"PER"	"LCN"	"Latin America & Caribbean "	910
2011	"PHL"	"EAS"	"East Asia & Pacific"	243
2011	"PAK"	"SAS"	"South Asia"	991
2011	"POL"	"ECS"	"Europe & Central Asia"	955
2011	"PRI"	"LCN"	"Latin America & Caribbean "	33
2011	"PSE"	"MEA"	"Middle East & North Africa"	16
2011	"PRT"	"ECS"	"Europe & Central Asia"	405
2011	"PLW"	"EAS"	"East Asia & Pacific"	3
2011	"PRY"	"LCN"	"Latin America & Caribbean "	96
2011	"QAT"	"MEA"	"Middle East & North Africa"	8
2011	"FRA"	"ECS"	"Europe & Central Asia"	2
2011	"ROU"	"ECS"	"Europe & Central Asia"	356
2011	"SRB"	"ECS"	"Europe & Central Asia"	340
2011	"RUS"	"ECS"	"Europe & Central Asia"	1251
2011	"RWA"	"SSF"	"Sub-Saharan Africa "	4
2011	"SAU"	"MEA"	"Middle East & North Africa"	53
2011	"SYC"	"SSF"	"Sub-Saharan Africa "	1
2011	"SDN"	"SSF"	"Sub-Saharan Africa "	88
2011	"SWE"	"ECS"	"Europe & Central Asia"	160
2011	"SGP"	"EAS"	"East Asia & Pacific"	956
2011	"SVN"	"ECS"	"Europe & Central Asia"	97
2011	"SVK"	"ECS"	"Europe & Central Asia"	47
2011	"SLE"	"SSF"	"Sub-Saharan Africa "	1
2011	"SEN"	"SSF"	"Sub-Saharan Africa "	6
2011	"SOM"	"SSF"	"Sub-Saharan Africa "	2
2011	"SUR"	"LCN"	"Latin America & Caribbean "	1
2011	"SLV"	"LCN"	"Latin America & Caribbean "	47
2011	"SYR"	"MEA"	"Middle East & North Africa"	27
2011	"SWZ"	"SSF"	"Sub-Saharan Africa "	5
2011	"THA"	"EAS"	"East Asia & Pacific"	1297
2011	"NZL"	"EAS"	"East Asia & Pacific"	30
2011	"TLS"	"EAS"	"East Asia & Pacific"	8
2011	"TUN"	"MEA"	"Middle East & North Africa"	9
2011	"TON"	"EAS"	"East Asia & Pacific"	1
2011	"TUR"	"ECS"	"Europe & Central Asia"	575
2011	"TTO"	"LCN"	"Latin America & Caribbean "	17
2011	"TWN"	"EAS"	"East Asia & Pacific"	36
2011	"TZA"	"SSF"	"Sub-Saharan Africa "	51
2011	"UKR"	"ECS"	"Europe & Central Asia"	3163
2011	"UGA"	"SSF"	"Sub-Saharan Africa "	20
2011	"USA"	"NAC"	"North America"	5430
2011	"URY"	"LCN"	"Latin America & Caribbean "	97
2011	"UZB"	"ECS"	"Europe & Central Asia"	294
2011	"VEN"	"LCN"	"Latin America & Caribbean "	352
2011	"VNM"	"EAS"	"East Asia & Pacific"	310
2011	"VUT"	"EAS"	"East Asia & Pacific"	4
2011	"WSM"	"EAS"	"East Asia & Pacific"	14
2011	"YEM"	"MEA"	"Middle East & North Africa"	32
2011	"ZAF"	"SSF"	"Sub-Saharan Africa "	250
2011	"ZMB"	"SSF"	"Sub-Saharan Africa "	28
2011	"ZWE"	"SSF"	"Sub-Saharan Africa "	24
2012	"WLD"	"NA"	"*Others"	6265
2012	"AND"	"ECS"	"Europe & Central Asia"	1
2012	"ARE"	"MEA"	"Middle East & North Africa"	95
2012	"AFG"	"SAS"	"South Asia"	9
2012	"WLD"	"NA"	"*Others"	1
2012	"ALB"	"ECS"	"Europe & Central Asia"	19
2012	"ARM"	"ECS"	"Europe & Central Asia"	54
2012	"AGO"	"SSF"	"Sub-Saharan Africa "	27
2012	"ARG"	"LCN"	"Latin America & Caribbean "	1178
2012	"AUT"	"ECS"	"Europe & Central Asia"	83
2012	"AUS"	"EAS"	"East Asia & Pacific"	196
2012	"AZE"	"ECS"	"Europe & Central Asia"	13
2012	"BIH"	"ECS"	"Europe & Central Asia"	75
2012	"BRB"	"LCN"	"Latin America & Caribbean "	3
2012	"BGD"	"SAS"	"South Asia"	176
2012	"BEL"	"ECS"	"Europe & Central Asia"	210
2012	"BFA"	"SSF"	"Sub-Saharan Africa "	4
2012	"BGR"	"ECS"	"Europe & Central Asia"	111
2012	"BHR"	"MEA"	"Middle East & North Africa"	5
2012	"BDI"	"SSF"	"Sub-Saharan Africa "	1
2012	"BEN"	"SSF"	"Sub-Saharan Africa "	4
2012	"BRN"	"EAS"	"East Asia & Pacific"	9
2012	"BOL"	"LCN"	"Latin America & Caribbean "	127
2012	"BRA"	"LCN"	"Latin America & Caribbean "	8113
2012	"BTN"	"SAS"	"South Asia"	15
2012	"BWA"	"SSF"	"Sub-Saharan Africa "	13
2012	"BLR"	"ECS"	"Europe & Central Asia"	33
2012	"BLZ"	"LCN"	"Latin America & Caribbean "	8
2012	"CAN"	"NAC"	"North America"	920
2012	"AUS"	"EAS"	"East Asia & Pacific"	9
2012	"COD"	"SSF"	"Sub-Saharan Africa "	9
2012	"CAF"	"SSF"	"Sub-Saharan Africa "	5
2012	"COG"	"SSF"	"Sub-Saharan Africa "	3
2012	"CHE"	"ECS"	"Europe & Central Asia"	121
2012	"CIV"	"SSF"	"Sub-Saharan Africa "	2
2012	"CHL"	"LCN"	"Latin America & Caribbean "	460
2012	"CMR"	"SSF"	"Sub-Saharan Africa "	6
2012	"CHN"	"EAS"	"East Asia & Pacific"	125
2012	"COL"	"LCN"	"Latin America & Caribbean "	1421
2012	"CRI"	"LCN"	"Latin America & Caribbean "	296
2012	"CUB"	"LCN"	"Latin America & Caribbean "	132
2012	"CPV"	"SSF"	"Sub-Saharan Africa "	1
2012	"CYP"	"ECS"	"Europe & Central Asia"	91
2012	"CZE"	"ECS"	"Europe & Central Asia"	225
2012	"DEU"	"ECS"	"Europe & Central Asia"	1435
2012	"DNK"	"ECS"	"Europe & Central Asia"	279
2012	"DOM"	"LCN"	"Latin America & Caribbean "	24
2012	"DZA"	"MEA"	"Middle East & North Africa"	204
2012	"ECU"	"LCN"	"Latin America & Caribbean "	418
2012	"EST"	"ECS"	"Europe & Central Asia"	54
2012	"EGY"	"MEA"	"Middle East & North Africa"	38
2012	"WLD"	"NA"	"*Others"	1
2012	"ESP"	"ECS"	"Europe & Central Asia"	2255
2012	"ETH"	"SSF"	"Sub-Saharan Africa "	120
2012	"FIN"	"ECS"	"Europe & Central Asia"	179
2012	"FRA"	"ECS"	"Europe & Central Asia"	388
2012	"GAB"	"SSF"	"Sub-Saharan Africa "	5
2012	"GBR"	"ECS"	"Europe & Central Asia"	766
2012	"GRD"	"LCN"	"Latin America & Caribbean "	30
2012	"GEO"	"ECS"	"Europe & Central Asia"	119
2012	"GHA"	"SSF"	"Sub-Saharan Africa "	81
2012	"GMB"	"SSF"	"Sub-Saharan Africa "	4
2012	"GIN"	"SSF"	"Sub-Saharan Africa "	3
2012	"GNQ"	"SSF"	"Sub-Saharan Africa "	1
2012	"GRC"	"ECS"	"Europe & Central Asia"	170
2012	"GTM"	"LCN"	"Latin America & Caribbean "	40
2012	"HKG"	"EAS"	"East Asia & Pacific"	32
2012	"HND"	"LCN"	"Latin America & Caribbean "	27
2012	"HRV"	"ECS"	"Europe & Central Asia"	156
2012	"HTI"	"LCN"	"Latin America & Caribbean "	1
2012	"HUN"	"ECS"	"Europe & Central Asia"	247
2012	"IDN"	"EAS"	"East Asia & Pacific"	33191
2012	"IRL"	"ECS"	"Europe & Central Asia"	33
2012	"ISR"	"MEA"	"Middle East & North Africa"	11
2012	"IND"	"SAS"	"South Asia"	2293
2012	"WLD"	"NA"	"*Others"	15
2012	"IRQ"	"MEA"	"Middle East & North Africa"	332
2012	"IRN"	"MEA"	"Middle East & North Africa"	277
2012	"ISL"	"ECS"	"Europe & Central Asia"	16
2012	"ITA"	"ECS"	"Europe & Central Asia"	798
2012	"JAM"	"LCN"	"Latin America & Caribbean "	1
2012	"JOR"	"MEA"	"Middle East & North Africa"	80
2012	"JPN"	"EAS"	"East Asia & Pacific"	51
2012	"KEN"	"SSF"	"Sub-Saharan Africa "	301
2012	"KGZ"	"ECS"	"Europe & Central Asia"	17
2012	"KHM"	"EAS"	"East Asia & Pacific"	2
2012	"KOR"	"EAS"	"East Asia & Pacific"	19
2012	"KWT"	"MEA"	"Middle East & North Africa"	21
2012	"KAZ"	"ECS"	"Europe & Central Asia"	134
2012	"LAO"	"EAS"	"East Asia & Pacific"	4
2012	"LBN"	"MEA"	"Middle East & North Africa"	16
2012	"LKA"	"SAS"	"South Asia"	53
2012	"LSO"	"SSF"	"Sub-Saharan Africa "	2
2012	"LTU"	"ECS"	"Europe & Central Asia"	195
2012	"LUX"	"ECS"	"Europe & Central Asia"	4
2012	"LVA"	"ECS"	"Europe & Central Asia"	59
2012	"LBY"	"MEA"	"Middle East & North Africa"	80
2012	"MAR"	"MEA"	"Middle East & North Africa"	384
2012	"MDA"	"ECS"	"Europe & Central Asia"	14
2012	"MNE"	"ECS"	"Europe & Central Asia"	16
2012	"MDG"	"SSF"	"Sub-Saharan Africa "	1
2012	"MHL"	"EAS"	"East Asia & Pacific"	3
2012	"MKD"	"ECS"	"Europe & Central Asia"	75
2012	"MLI"	"SSF"	"Sub-Saharan Africa "	23
2012	"MMR"	"EAS"	"East Asia & Pacific"	4
2012	"MNG"	"EAS"	"East Asia & Pacific"	17
2012	"MLT"	"MEA"	"Middle East & North Africa"	1
2012	"MUS"	"SSF"	"Sub-Saharan Africa "	2
2012	"MDV"	"SAS"	"South Asia"	2
2012	"MWI"	"SSF"	"Sub-Saharan Africa "	6
2012	"MEX"	"LCN"	"Latin America & Caribbean "	1111
2012	"MYS"	"EAS"	"East Asia & Pacific"	916
2012	"MOZ"	"SSF"	"Sub-Saharan Africa "	20
2012	"NAM"	"SSF"	"Sub-Saharan Africa "	7
2012	"NGA"	"SSF"	"Sub-Saharan Africa "	671
2012	"NIC"	"LCN"	"Latin America & Caribbean "	58
2012	"NLD"	"ECS"	"Europe & Central Asia"	235
2012	"NOR"	"ECS"	"Europe & Central Asia"	104
2012	"NPL"	"SAS"	"South Asia"	278
2012	"NZL"	"EAS"	"East Asia & Pacific"	122
2012	"OMN"	"MEA"	"Middle East & North Africa"	14
2012	"PAN"	"LCN"	"Latin America & Caribbean "	73
2012	"PER"	"LCN"	"Latin America & Caribbean "	910
2012	"PHL"	"EAS"	"East Asia & Pacific"	243
2012	"PAK"	"SAS"	"South Asia"	991
2012	"POL"	"ECS"	"Europe & Central Asia"	955
2012	"PRI"	"LCN"	"Latin America & Caribbean "	33
2012	"PSE"	"MEA"	"Middle East & North Africa"	16
2012	"PRT"	"ECS"	"Europe & Central Asia"	405
2012	"PLW"	"EAS"	"East Asia & Pacific"	3
2012	"PRY"	"LCN"	"Latin America & Caribbean "	96
2012	"QAT"	"MEA"	"Middle East & North Africa"	8
2012	"FRA"	"ECS"	"Europe & Central Asia"	2
2012	"ROU"	"ECS"	"Europe & Central Asia"	356
2012	"SRB"	"ECS"	"Europe & Central Asia"	340
2012	"RUS"	"ECS"	"Europe & Central Asia"	1251
2012	"RWA"	"SSF"	"Sub-Saharan Africa "	4
2012	"SAU"	"MEA"	"Middle East & North Africa"	53
2012	"SYC"	"SSF"	"Sub-Saharan Africa "	1
2012	"SDN"	"SSF"	"Sub-Saharan Africa "	88
2012	"SWE"	"ECS"	"Europe & Central Asia"	160
2012	"SGP"	"EAS"	"East Asia & Pacific"	956
2012	"SVN"	"ECS"	"Europe & Central Asia"	97
2012	"SVK"	"ECS"	"Europe & Central Asia"	47
2012	"SLE"	"SSF"	"Sub-Saharan Africa "	1
2012	"SEN"	"SSF"	"Sub-Saharan Africa "	6
2012	"SOM"	"SSF"	"Sub-Saharan Africa "	2
2012	"SUR"	"LCN"	"Latin America & Caribbean "	1
2012	"SLV"	"LCN"	"Latin America & Caribbean "	47
2012	"SYR"	"MEA"	"Middle East & North Africa"	27
2012	"SWZ"	"SSF"	"Sub-Saharan Africa "	5
2012	"THA"	"EAS"	"East Asia & Pacific"	1297
2012	"NZL"	"EAS"	"East Asia & Pacific"	30
2012	"TLS"	"EAS"	"East Asia & Pacific"	8
2012	"TUN"	"MEA"	"Middle East & North Africa"	9
2012	"TON"	"EAS"	"East Asia & Pacific"	1
2012	"TUR"	"ECS"	"Europe & Central Asia"	575
2012	"TTO"	"LCN"	"Latin America & Caribbean "	17
2012	"TWN"	"EAS"	"East Asia & Pacific"	36
2012	"TZA"	"SSF"	"Sub-Saharan Africa "	51
2012	"UKR"	"ECS"	"Europe & Central Asia"	3163
2012	"UGA"	"SSF"	"Sub-Saharan Africa "	20
2012	"USA"	"NAC"	"North America"	5430
2012	"URY"	"LCN"	"Latin America & Caribbean "	97
2012	"UZB"	"ECS"	"Europe & Central Asia"	294
2012	"VEN"	"LCN"	"Latin America & Caribbean "	352
2012	"VNM"	"EAS"	"East Asia & Pacific"	310
2012	"VUT"	"EAS"	"East Asia & Pacific"	4
2012	"WSM"	"EAS"	"East Asia & Pacific"	14
2012	"YEM"	"MEA"	"Middle East & North Africa"	32
2012	"ZAF"	"SSF"	"Sub-Saharan Africa "	250
2012	"ZMB"	"SSF"	"Sub-Saharan Africa "	28
2012	"ZWE"	"SSF"	"Sub-Saharan Africa "	24
2013	"WLD"	"NA"	"*Others"	6265
2013	"AND"	"ECS"	"Europe & Central Asia"	1
2013	"ARE"	"MEA"	"Middle East & North Africa"	95
2013	"AFG"	"SAS"	"South Asia"	9
2013	"WLD"	"NA"	"*Others"	1
2013	"ALB"	"ECS"	"Europe & Central Asia"	19
2013	"ARM"	"ECS"	"Europe & Central Asia"	54
2013	"AGO"	"SSF"	"Sub-Saharan Africa "	27
2013	"ARG"	"LCN"	"Latin America & Caribbean "	1178
2013	"AUT"	"ECS"	"Europe & Central Asia"	83
2013	"AUS"	"EAS"	"East Asia & Pacific"	196
2013	"AZE"	"ECS"	"Europe & Central Asia"	13
2013	"BIH"	"ECS"	"Europe & Central Asia"	75
2013	"BRB"	"LCN"	"Latin America & Caribbean "	3
2013	"BGD"	"SAS"	"South Asia"	176
2013	"BEL"	"ECS"	"Europe & Central Asia"	210
2013	"BFA"	"SSF"	"Sub-Saharan Africa "	4
2013	"BGR"	"ECS"	"Europe & Central Asia"	111
2013	"BHR"	"MEA"	"Middle East & North Africa"	5
2013	"BDI"	"SSF"	"Sub-Saharan Africa "	1
2013	"BEN"	"SSF"	"Sub-Saharan Africa "	4
2013	"BRN"	"EAS"	"East Asia & Pacific"	9
2013	"BOL"	"LCN"	"Latin America & Caribbean "	127
2013	"BRA"	"LCN"	"Latin America & Caribbean "	8113
2013	"BTN"	"SAS"	"South Asia"	15
2013	"BWA"	"SSF"	"Sub-Saharan Africa "	13
2013	"BLR"	"ECS"	"Europe & Central Asia"	33
2013	"BLZ"	"LCN"	"Latin America & Caribbean "	8
2013	"CAN"	"NAC"	"North America"	920
2013	"AUS"	"EAS"	"East Asia & Pacific"	9
2013	"COD"	"SSF"	"Sub-Saharan Africa "	9
2013	"CAF"	"SSF"	"Sub-Saharan Africa "	5
2013	"COG"	"SSF"	"Sub-Saharan Africa "	3
2013	"CHE"	"ECS"	"Europe & Central Asia"	121
2013	"CIV"	"SSF"	"Sub-Saharan Africa "	2
2013	"CHL"	"LCN"	"Latin America & Caribbean "	460
2013	"CMR"	"SSF"	"Sub-Saharan Africa "	6
2013	"CHN"	"EAS"	"East Asia & Pacific"	125
2013	"COL"	"LCN"	"Latin America & Caribbean "	1421
2013	"CRI"	"LCN"	"Latin America & Caribbean "	296
2013	"CUB"	"LCN"	"Latin America & Caribbean "	132
2013	"CPV"	"SSF"	"Sub-Saharan Africa "	1
2013	"CYP"	"ECS"	"Europe & Central Asia"	91
2013	"CZE"	"ECS"	"Europe & Central Asia"	225
2013	"DEU"	"ECS"	"Europe & Central Asia"	1435
2013	"DNK"	"ECS"	"Europe & Central Asia"	279
2013	"DOM"	"LCN"	"Latin America & Caribbean "	24
2013	"DZA"	"MEA"	"Middle East & North Africa"	204
2013	"ECU"	"LCN"	"Latin America & Caribbean "	418
2013	"EST"	"ECS"	"Europe & Central Asia"	54
2013	"EGY"	"MEA"	"Middle East & North Africa"	38
2013	"WLD"	"NA"	"*Others"	1
2013	"ESP"	"ECS"	"Europe & Central Asia"	2255
2013	"ETH"	"SSF"	"Sub-Saharan Africa "	120
2013	"FIN"	"ECS"	"Europe & Central Asia"	179
2013	"FRA"	"ECS"	"Europe & Central Asia"	388
2013	"GAB"	"SSF"	"Sub-Saharan Africa "	5
2013	"GBR"	"ECS"	"Europe & Central Asia"	766
2013	"GRD"	"LCN"	"Latin America & Caribbean "	30
2013	"GEO"	"ECS"	"Europe & Central Asia"	119
2013	"GHA"	"SSF"	"Sub-Saharan Africa "	81
2013	"GMB"	"SSF"	"Sub-Saharan Africa "	4
2013	"GIN"	"SSF"	"Sub-Saharan Africa "	3
2013	"GNQ"	"SSF"	"Sub-Saharan Africa "	1
2013	"GRC"	"ECS"	"Europe & Central Asia"	170
2013	"GTM"	"LCN"	"Latin America & Caribbean "	40
2013	"HKG"	"EAS"	"East Asia & Pacific"	32
2013	"HND"	"LCN"	"Latin America & Caribbean "	27
2013	"HRV"	"ECS"	"Europe & Central Asia"	156
2013	"HTI"	"LCN"	"Latin America & Caribbean "	1
2013	"HUN"	"ECS"	"Europe & Central Asia"	247
2013	"IDN"	"EAS"	"East Asia & Pacific"	33191
2013	"IRL"	"ECS"	"Europe & Central Asia"	33
2013	"ISR"	"MEA"	"Middle East & North Africa"	11
2013	"IND"	"SAS"	"South Asia"	2293
2013	"WLD"	"NA"	"*Others"	15
2013	"IRQ"	"MEA"	"Middle East & North Africa"	332
2013	"IRN"	"MEA"	"Middle East & North Africa"	277
2013	"ISL"	"ECS"	"Europe & Central Asia"	16
2013	"ITA"	"ECS"	"Europe & Central Asia"	798
2013	"JAM"	"LCN"	"Latin America & Caribbean "	1
2013	"JOR"	"MEA"	"Middle East & North Africa"	80
2013	"JPN"	"EAS"	"East Asia & Pacific"	51
2013	"KEN"	"SSF"	"Sub-Saharan Africa "	301
2013	"KGZ"	"ECS"	"Europe & Central Asia"	17
2013	"KHM"	"EAS"	"East Asia & Pacific"	2
2013	"KOR"	"EAS"	"East Asia & Pacific"	19
2013	"KWT"	"MEA"	"Middle East & North Africa"	21
2013	"KAZ"	"ECS"	"Europe & Central Asia"	134
2013	"LAO"	"EAS"	"East Asia & Pacific"	4
2013	"LBN"	"MEA"	"Middle East & North Africa"	16
2013	"LKA"	"SAS"	"South Asia"	53
2013	"LSO"	"SSF"	"Sub-Saharan Africa "	2
2013	"LTU"	"ECS"	"Europe & Central Asia"	195
2013	"LUX"	"ECS"	"Europe & Central Asia"	4
2013	"LVA"	"ECS"	"Europe & Central Asia"	59
2013	"LBY"	"MEA"	"Middle East & North Africa"	80
2013	"MAR"	"MEA"	"Middle East & North Africa"	384
2013	"MDA"	"ECS"	"Europe & Central Asia"	14
2013	"MNE"	"ECS"	"Europe & Central Asia"	16
2013	"MDG"	"SSF"	"Sub-Saharan Africa "	1
2013	"MHL"	"EAS"	"East Asia & Pacific"	3
2013	"MKD"	"ECS"	"Europe & Central Asia"	75
2013	"MLI"	"SSF"	"Sub-Saharan Africa "	23
2013	"MMR"	"EAS"	"East Asia & Pacific"	4
2013	"MNG"	"EAS"	"East Asia & Pacific"	17
2013	"MLT"	"MEA"	"Middle East & North Africa"	1
2013	"MUS"	"SSF"	"Sub-Saharan Africa "	2
2013	"MDV"	"SAS"	"South Asia"	2
2013	"MWI"	"SSF"	"Sub-Saharan Africa "	6
2013	"MEX"	"LCN"	"Latin America & Caribbean "	1111
2013	"MYS"	"EAS"	"East Asia & Pacific"	916
2013	"MOZ"	"SSF"	"Sub-Saharan Africa "	20
2013	"NAM"	"SSF"	"Sub-Saharan Africa "	7
2013	"NGA"	"SSF"	"Sub-Saharan Africa "	671
2013	"NIC"	"LCN"	"Latin America & Caribbean "	58
2013	"NLD"	"ECS"	"Europe & Central Asia"	235
2013	"NOR"	"ECS"	"Europe & Central Asia"	104
2013	"NPL"	"SAS"	"South Asia"	278
2013	"NZL"	"EAS"	"East Asia & Pacific"	122
2013	"OMN"	"MEA"	"Middle East & North Africa"	14
2013	"PAN"	"LCN"	"Latin America & Caribbean "	73
2013	"PER"	"LCN"	"Latin America & Caribbean "	910
2013	"PHL"	"EAS"	"East Asia & Pacific"	243
2013	"PAK"	"SAS"	"South Asia"	991
2013	"POL"	"ECS"	"Europe & Central Asia"	955
2013	"PRI"	"LCN"	"Latin America & Caribbean "	33
2013	"PSE"	"MEA"	"Middle East & North Africa"	16
2013	"PRT"	"ECS"	"Europe & Central Asia"	405
2013	"PLW"	"EAS"	"East Asia & Pacific"	3
2013	"PRY"	"LCN"	"Latin America & Caribbean "	96
2013	"QAT"	"MEA"	"Middle East & North Africa"	8
2013	"FRA"	"ECS"	"Europe & Central Asia"	2
2013	"ROU"	"ECS"	"Europe & Central Asia"	356
2013	"SRB"	"ECS"	"Europe & Central Asia"	340
2013	"RUS"	"ECS"	"Europe & Central Asia"	1251
2013	"RWA"	"SSF"	"Sub-Saharan Africa "	4
2013	"SAU"	"MEA"	"Middle East & North Africa"	53
2013	"SYC"	"SSF"	"Sub-Saharan Africa "	1
2013	"SDN"	"SSF"	"Sub-Saharan Africa "	88
2013	"SWE"	"ECS"	"Europe & Central Asia"	160
2013	"SGP"	"EAS"	"East Asia & Pacific"	956
2013	"SVN"	"ECS"	"Europe & Central Asia"	97
2013	"SVK"	"ECS"	"Europe & Central Asia"	47
2013	"SLE"	"SSF"	"Sub-Saharan Africa "	1
2013	"SEN"	"SSF"	"Sub-Saharan Africa "	6
2013	"SOM"	"SSF"	"Sub-Saharan Africa "	2
2013	"SUR"	"LCN"	"Latin America & Caribbean "	1
2013	"SLV"	"LCN"	"Latin America & Caribbean "	47
2013	"SYR"	"MEA"	"Middle East & North Africa"	27
2013	"SWZ"	"SSF"	"Sub-Saharan Africa "	5
2013	"THA"	"EAS"	"East Asia & Pacific"	1297
2013	"NZL"	"EAS"	"East Asia & Pacific"	30
2013	"TLS"	"EAS"	"East Asia & Pacific"	8
2013	"TUN"	"MEA"	"Middle East & North Africa"	9
2013	"TON"	"EAS"	"East Asia & Pacific"	1
2013	"TUR"	"ECS"	"Europe & Central Asia"	575
2013	"TTO"	"LCN"	"Latin America & Caribbean "	17
2013	"TWN"	"EAS"	"East Asia & Pacific"	36
2013	"TZA"	"SSF"	"Sub-Saharan Africa "	51
2013	"UKR"	"ECS"	"Europe & Central Asia"	3163
2013	"UGA"	"SSF"	"Sub-Saharan Africa "	20
2013	"USA"	"NAC"	"North America"	5430
2013	"URY"	"LCN"	"Latin America & Caribbean "	97
2013	"UZB"	"ECS"	"Europe & Central Asia"	294
2013	"VEN"	"LCN"	"Latin America & Caribbean "	352
2013	"VNM"	"EAS"	"East Asia & Pacific"	310
2013	"VUT"	"EAS"	"East Asia & Pacific"	4
2013	"WSM"	"EAS"	"East Asia & Pacific"	14
2013	"YEM"	"MEA"	"Middle East & North Africa"	32
2013	"ZAF"	"SSF"	"Sub-Saharan Africa "	250
2013	"ZMB"	"SSF"	"Sub-Saharan Africa "	28
2013	"ZWE"	"SSF"	"Sub-Saharan Africa "	24
2014	"WLD"	"NA"	"*Others"	6265
2014	"AND"	"ECS"	"Europe & Central Asia"	1
2014	"ARE"	"MEA"	"Middle East & North Africa"	95
2014	"AFG"	"SAS"	"South Asia"	9
2014	"WLD"	"NA"	"*Others"	1
2014	"ALB"	"ECS"	"Europe & Central Asia"	19
2014	"ARM"	"ECS"	"Europe & Central Asia"	54
2014	"AGO"	"SSF"	"Sub-Saharan Africa "	27
2014	"ARG"	"LCN"	"Latin America & Caribbean "	1178
2014	"AUT"	"ECS"	"Europe & Central Asia"	83
2014	"AUS"	"EAS"	"East Asia & Pacific"	196
2014	"AZE"	"ECS"	"Europe & Central Asia"	13
2014	"BIH"	"ECS"	"Europe & Central Asia"	75
2014	"BRB"	"LCN"	"Latin America & Caribbean "	3
2014	"BGD"	"SAS"	"South Asia"	176
2014	"BEL"	"ECS"	"Europe & Central Asia"	210
2014	"BFA"	"SSF"	"Sub-Saharan Africa "	4
2014	"BGR"	"ECS"	"Europe & Central Asia"	111
2014	"BHR"	"MEA"	"Middle East & North Africa"	5
2014	"BDI"	"SSF"	"Sub-Saharan Africa "	1
2014	"BEN"	"SSF"	"Sub-Saharan Africa "	4
2014	"BRN"	"EAS"	"East Asia & Pacific"	9
2014	"BOL"	"LCN"	"Latin America & Caribbean "	127
2014	"BRA"	"LCN"	"Latin America & Caribbean "	8113
2014	"BTN"	"SAS"	"South Asia"	15
2014	"BWA"	"SSF"	"Sub-Saharan Africa "	13
2014	"BLR"	"ECS"	"Europe & Central Asia"	33
2014	"BLZ"	"LCN"	"Latin America & Caribbean "	8
2014	"CAN"	"NAC"	"North America"	920
2014	"AUS"	"EAS"	"East Asia & Pacific"	9
2014	"COD"	"SSF"	"Sub-Saharan Africa "	9
2014	"CAF"	"SSF"	"Sub-Saharan Africa "	5
2014	"COG"	"SSF"	"Sub-Saharan Africa "	3
2014	"CHE"	"ECS"	"Europe & Central Asia"	121
2014	"CIV"	"SSF"	"Sub-Saharan Africa "	2
2014	"CHL"	"LCN"	"Latin America & Caribbean "	460
2014	"CMR"	"SSF"	"Sub-Saharan Africa "	6
2014	"CHN"	"EAS"	"East Asia & Pacific"	125
2014	"COL"	"LCN"	"Latin America & Caribbean "	1421
2014	"CRI"	"LCN"	"Latin America & Caribbean "	296
2014	"CUB"	"LCN"	"Latin America & Caribbean "	132
2014	"CPV"	"SSF"	"Sub-Saharan Africa "	1
2014	"CYP"	"ECS"	"Europe & Central Asia"	91
2014	"CZE"	"ECS"	"Europe & Central Asia"	225
2014	"DEU"	"ECS"	"Europe & Central Asia"	1435
2014	"DNK"	"ECS"	"Europe & Central Asia"	279
2014	"DOM"	"LCN"	"Latin America & Caribbean "	24
2014	"DZA"	"MEA"	"Middle East & North Africa"	204
2014	"ECU"	"LCN"	"Latin America & Caribbean "	418
2014	"EST"	"ECS"	"Europe & Central Asia"	54
2014	"EGY"	"MEA"	"Middle East & North Africa"	38
2014	"WLD"	"NA"	"*Others"	1
2014	"ESP"	"ECS"	"Europe & Central Asia"	2255
2014	"ETH"	"SSF"	"Sub-Saharan Africa "	120
2014	"FIN"	"ECS"	"Europe & Central Asia"	179
2014	"FRA"	"ECS"	"Europe & Central Asia"	388
2014	"GAB"	"SSF"	"Sub-Saharan Africa "	5
2014	"GBR"	"ECS"	"Europe & Central Asia"	766
2014	"GRD"	"LCN"	"Latin America & Caribbean "	30
2014	"GEO"	"ECS"	"Europe & Central Asia"	119
2014	"GHA"	"SSF"	"Sub-Saharan Africa "	81
2014	"GMB"	"SSF"	"Sub-Saharan Africa "	4
2014	"GIN"	"SSF"	"Sub-Saharan Africa "	3
2014	"GNQ"	"SSF"	"Sub-Saharan Africa "	1
2014	"GRC"	"ECS"	"Europe & Central Asia"	170
2014	"GTM"	"LCN"	"Latin America & Caribbean "	40
2014	"HKG"	"EAS"	"East Asia & Pacific"	32
2014	"HND"	"LCN"	"Latin America & Caribbean "	27
2014	"HRV"	"ECS"	"Europe & Central Asia"	156
2014	"HTI"	"LCN"	"Latin America & Caribbean "	1
2014	"HUN"	"ECS"	"Europe & Central Asia"	247
2014	"IDN"	"EAS"	"East Asia & Pacific"	33191
2014	"IRL"	"ECS"	"Europe & Central Asia"	33
2014	"ISR"	"MEA"	"Middle East & North Africa"	11
2014	"IND"	"SAS"	"South Asia"	2293
2014	"WLD"	"NA"	"*Others"	15
2014	"IRQ"	"MEA"	"Middle East & North Africa"	332
2014	"IRN"	"MEA"	"Middle East & North Africa"	277
2014	"ISL"	"ECS"	"Europe & Central Asia"	16
2014	"ITA"	"ECS"	"Europe & Central Asia"	798
2014	"JAM"	"LCN"	"Latin America & Caribbean "	1
2014	"JOR"	"MEA"	"Middle East & North Africa"	80
2014	"JPN"	"EAS"	"East Asia & Pacific"	51
2014	"KEN"	"SSF"	"Sub-Saharan Africa "	301
2014	"KGZ"	"ECS"	"Europe & Central Asia"	17
2014	"KHM"	"EAS"	"East Asia & Pacific"	2
2014	"KOR"	"EAS"	"East Asia & Pacific"	19
2014	"KWT"	"MEA"	"Middle East & North Africa"	21
2014	"KAZ"	"ECS"	"Europe & Central Asia"	134
2014	"LAO"	"EAS"	"East Asia & Pacific"	4
2014	"LBN"	"MEA"	"Middle East & North Africa"	16
2014	"LKA"	"SAS"	"South Asia"	53
2014	"LSO"	"SSF"	"Sub-Saharan Africa "	2
2014	"LTU"	"ECS"	"Europe & Central Asia"	195
2014	"LUX"	"ECS"	"Europe & Central Asia"	4
2014	"LVA"	"ECS"	"Europe & Central Asia"	59
2014	"LBY"	"MEA"	"Middle East & North Africa"	80
2014	"MAR"	"MEA"	"Middle East & North Africa"	384
2014	"MDA"	"ECS"	"Europe & Central Asia"	14
2014	"MNE"	"ECS"	"Europe & Central Asia"	16
2014	"MDG"	"SSF"	"Sub-Saharan Africa "	1
2014	"MHL"	"EAS"	"East Asia & Pacific"	3
2014	"MKD"	"ECS"	"Europe & Central Asia"	75
2014	"MLI"	"SSF"	"Sub-Saharan Africa "	23
2014	"MMR"	"EAS"	"East Asia & Pacific"	4
2014	"MNG"	"EAS"	"East Asia & Pacific"	17
2014	"MLT"	"MEA"	"Middle East & North Africa"	1
2014	"MUS"	"SSF"	"Sub-Saharan Africa "	2
2014	"MDV"	"SAS"	"South Asia"	2
2014	"MWI"	"SSF"	"Sub-Saharan Africa "	6
2014	"MEX"	"LCN"	"Latin America & Caribbean "	1111
2014	"MYS"	"EAS"	"East Asia & Pacific"	916
2014	"MOZ"	"SSF"	"Sub-Saharan Africa "	20
2014	"NAM"	"SSF"	"Sub-Saharan Africa "	7
2014	"NGA"	"SSF"	"Sub-Saharan Africa "	671
2014	"NIC"	"LCN"	"Latin America & Caribbean "	58
2014	"NLD"	"ECS"	"Europe & Central Asia"	235
2014	"NOR"	"ECS"	"Europe & Central Asia"	104
2014	"NPL"	"SAS"	"South Asia"	278
2014	"NZL"	"EAS"	"East Asia & Pacific"	122
2014	"OMN"	"MEA"	"Middle East & North Africa"	14
2014	"PAN"	"LCN"	"Latin America & Caribbean "	73
2014	"PER"	"LCN"	"Latin America & Caribbean "	910
2014	"PHL"	"EAS"	"East Asia & Pacific"	243
2014	"PAK"	"SAS"	"South Asia"	991
2014	"POL"	"ECS"	"Europe & Central Asia"	955
2014	"PRI"	"LCN"	"Latin America & Caribbean "	33
2014	"PSE"	"MEA"	"Middle East & North Africa"	16
2014	"PRT"	"ECS"	"Europe & Central Asia"	405
2014	"PLW"	"EAS"	"East Asia & Pacific"	3
2014	"PRY"	"LCN"	"Latin America & Caribbean "	96
2014	"QAT"	"MEA"	"Middle East & North Africa"	8
2014	"FRA"	"ECS"	"Europe & Central Asia"	2
2014	"ROU"	"ECS"	"Europe & Central Asia"	356
2014	"SRB"	"ECS"	"Europe & Central Asia"	340
2014	"RUS"	"ECS"	"Europe & Central Asia"	1251
2014	"RWA"	"SSF"	"Sub-Saharan Africa "	4
2014	"SAU"	"MEA"	"Middle East & North Africa"	53
2014	"SYC"	"SSF"	"Sub-Saharan Africa "	1
2014	"SDN"	"SSF"	"Sub-Saharan Africa "	88
2014	"SWE"	"ECS"	"Europe & Central Asia"	160
2014	"SGP"	"EAS"	"East Asia & Pacific"	956
2014	"SVN"	"ECS"	"Europe & Central Asia"	97
2014	"SVK"	"ECS"	"Europe & Central Asia"	47
2014	"SLE"	"SSF"	"Sub-Saharan Africa "	1
2014	"SEN"	"SSF"	"Sub-Saharan Africa "	6
2014	"SOM"	"SSF"	"Sub-Saharan Africa "	2
2014	"SUR"	"LCN"	"Latin America & Caribbean "	1
2014	"SLV"	"LCN"	"Latin America & Caribbean "	47
2014	"SYR"	"MEA"	"Middle East & North Africa"	27
2014	"SWZ"	"SSF"	"Sub-Saharan Africa "	5
2014	"THA"	"EAS"	"East Asia & Pacific"	1297
2014	"NZL"	"EAS"	"East Asia & Pacific"	30
2014	"TLS"	"EAS"	"East Asia & Pacific"	8
2014	"TUN"	"MEA"	"Middle East & North Africa"	9
2014	"TON"	"EAS"	"East Asia & Pacific"	1
2014	"TUR"	"ECS"	"Europe & Central Asia"	575
2014	"TTO"	"LCN"	"Latin America & Caribbean "	17
2014	"TWN"	"EAS"	"East Asia & Pacific"	36
2014	"TZA"	"SSF"	"Sub-Saharan Africa "	51
2014	"UKR"	"ECS"	"Europe & Central Asia"	3163
2014	"UGA"	"SSF"	"Sub-Saharan Africa "	20
2014	"USA"	"NAC"	"North America"	5430
2014	"URY"	"LCN"	"Latin America & Caribbean "	97
2014	"UZB"	"ECS"	"Europe & Central Asia"	294
2014	"VEN"	"LCN"	"Latin America & Caribbean "	352
2014	"VNM"	"EAS"	"East Asia & Pacific"	310
2014	"VUT"	"EAS"	"East Asia & Pacific"	4
2014	"WSM"	"EAS"	"East Asia & Pacific"	14
2014	"YEM"	"MEA"	"Middle East & North Africa"	32
2014	"ZAF"	"SSF"	"Sub-Saharan Africa "	250
2014	"ZMB"	"SSF"	"Sub-Saharan Africa "	28
2014	"ZWE"	"SSF"	"Sub-Saharan Africa "	24
2015	"WLD"	"NA"	"*Others"	6265
2015	"AND"	"ECS"	"Europe & Central Asia"	1
2015	"ARE"	"MEA"	"Middle East & North Africa"	95
2015	"AFG"	"SAS"	"South Asia"	9
2015	"WLD"	"NA"	"*Others"	1
2015	"ALB"	"ECS"	"Europe & Central Asia"	19
2015	"ARM"	"ECS"	"Europe & Central Asia"	54
2015	"AGO"	"SSF"	"Sub-Saharan Africa "	27
2015	"ARG"	"LCN"	"Latin America & Caribbean "	1178
2015	"AUT"	"ECS"	"Europe & Central Asia"	83
2015	"AUS"	"EAS"	"East Asia & Pacific"	196
2015	"AZE"	"ECS"	"Europe & Central Asia"	13
2015	"BIH"	"ECS"	"Europe & Central Asia"	75
2015	"BRB"	"LCN"	"Latin America & Caribbean "	3
2015	"BGD"	"SAS"	"South Asia"	176
2015	"BEL"	"ECS"	"Europe & Central Asia"	210
2015	"BFA"	"SSF"	"Sub-Saharan Africa "	4
2015	"BGR"	"ECS"	"Europe & Central Asia"	111
2015	"BHR"	"MEA"	"Middle East & North Africa"	5
2015	"BDI"	"SSF"	"Sub-Saharan Africa "	1
2015	"BEN"	"SSF"	"Sub-Saharan Africa "	4
2015	"BRN"	"EAS"	"East Asia & Pacific"	9
2015	"BOL"	"LCN"	"Latin America & Caribbean "	127
2015	"BRA"	"LCN"	"Latin America & Caribbean "	8113
2015	"BTN"	"SAS"	"South Asia"	15
2015	"BWA"	"SSF"	"Sub-Saharan Africa "	13
2015	"BLR"	"ECS"	"Europe & Central Asia"	33
2015	"BLZ"	"LCN"	"Latin America & Caribbean "	8
2015	"CAN"	"NAC"	"North America"	920
2015	"AUS"	"EAS"	"East Asia & Pacific"	9
2015	"COD"	"SSF"	"Sub-Saharan Africa "	9
2015	"CAF"	"SSF"	"Sub-Saharan Africa "	5
2015	"COG"	"SSF"	"Sub-Saharan Africa "	3
2015	"CHE"	"ECS"	"Europe & Central Asia"	121
2015	"CIV"	"SSF"	"Sub-Saharan Africa "	2
2015	"CHL"	"LCN"	"Latin America & Caribbean "	460
2015	"CMR"	"SSF"	"Sub-Saharan Africa "	6
2015	"CHN"	"EAS"	"East Asia & Pacific"	125
2015	"COL"	"LCN"	"Latin America & Caribbean "	1421
2015	"CRI"	"LCN"	"Latin America & Caribbean "	296
2015	"CUB"	"LCN"	"Latin America & Caribbean "	132
2015	"CPV"	"SSF"	"Sub-Saharan Africa "	1
2015	"CYP"	"ECS"	"Europe & Central Asia"	91
2015	"CZE"	"ECS"	"Europe & Central Asia"	225
2015	"DEU"	"ECS"	"Europe & Central Asia"	1435
2015	"DNK"	"ECS"	"Europe & Central Asia"	279
2015	"DOM"	"LCN"	"Latin America & Caribbean "	24
2015	"DZA"	"MEA"	"Middle East & North Africa"	204
2015	"ECU"	"LCN"	"Latin America & Caribbean "	418
2015	"EST"	"ECS"	"Europe & Central Asia"	54
2015	"EGY"	"MEA"	"Middle East & North Africa"	38
2015	"WLD"	"NA"	"*Others"	1
2015	"ESP"	"ECS"	"Europe & Central Asia"	2255
2015	"ETH"	"SSF"	"Sub-Saharan Africa "	120
2015	"FIN"	"ECS"	"Europe & Central Asia"	179
2015	"FRA"	"ECS"	"Europe & Central Asia"	388
2015	"GAB"	"SSF"	"Sub-Saharan Africa "	5
2015	"GBR"	"ECS"	"Europe & Central Asia"	766
2015	"GRD"	"LCN"	"Latin America & Caribbean "	30
2015	"GEO"	"ECS"	"Europe & Central Asia"	119
2015	"GHA"	"SSF"	"Sub-Saharan Africa "	81
2015	"GMB"	"SSF"	"Sub-Saharan Africa "	4
2015	"GIN"	"SSF"	"Sub-Saharan Africa "	3
2015	"GNQ"	"SSF"	"Sub-Saharan Africa "	1
2015	"GRC"	"ECS"	"Europe & Central Asia"	170
2015	"GTM"	"LCN"	"Latin America & Caribbean "	40
2015	"HKG"	"EAS"	"East Asia & Pacific"	32
2015	"HND"	"LCN"	"Latin America & Caribbean "	27
2015	"HRV"	"ECS"	"Europe & Central Asia"	156
2015	"HTI"	"LCN"	"Latin America & Caribbean "	1
2015	"HUN"	"ECS"	"Europe & Central Asia"	247
2015	"IDN"	"EAS"	"East Asia & Pacific"	33191
2015	"IRL"	"ECS"	"Europe & Central Asia"	33
2015	"ISR"	"MEA"	"Middle East & North Africa"	11
2015	"IND"	"SAS"	"South Asia"	2293
2015	"WLD"	"NA"	"*Others"	15
2015	"IRQ"	"MEA"	"Middle East & North Africa"	332
2015	"IRN"	"MEA"	"Middle East & North Africa"	277
2015	"ISL"	"ECS"	"Europe & Central Asia"	16
2015	"ITA"	"ECS"	"Europe & Central Asia"	798
2015	"JAM"	"LCN"	"Latin America & Caribbean "	1
2015	"JOR"	"MEA"	"Middle East & North Africa"	80
2015	"JPN"	"EAS"	"East Asia & Pacific"	51
2015	"KEN"	"SSF"	"Sub-Saharan Africa "	301
2015	"KGZ"	"ECS"	"Europe & Central Asia"	17
2015	"KHM"	"EAS"	"East Asia & Pacific"	2
2015	"KOR"	"EAS"	"East Asia & Pacific"	19
2015	"KWT"	"MEA"	"Middle East & North Africa"	21
2015	"KAZ"	"ECS"	"Europe & Central Asia"	134
2015	"LAO"	"EAS"	"East Asia & Pacific"	4
2015	"LBN"	"MEA"	"Middle East & North Africa"	16
2015	"LKA"	"SAS"	"South Asia"	53
2015	"LSO"	"SSF"	"Sub-Saharan Africa "	2
2015	"LTU"	"ECS"	"Europe & Central Asia"	195
2015	"LUX"	"ECS"	"Europe & Central Asia"	4
2015	"LVA"	"ECS"	"Europe & Central Asia"	59
2015	"LBY"	"MEA"	"Middle East & North Africa"	80
2015	"MAR"	"MEA"	"Middle East & North Africa"	384
2015	"MDA"	"ECS"	"Europe & Central Asia"	14
2015	"MNE"	"ECS"	"Europe & Central Asia"	16
2015	"MDG"	"SSF"	"Sub-Saharan Africa "	1
2015	"MHL"	"EAS"	"East Asia & Pacific"	3
2015	"MKD"	"ECS"	"Europe & Central Asia"	75
2015	"MLI"	"SSF"	"Sub-Saharan Africa "	23
2015	"MMR"	"EAS"	"East Asia & Pacific"	4
2015	"MNG"	"EAS"	"East Asia & Pacific"	17
2015	"MLT"	"MEA"	"Middle East & North Africa"	1
2015	"MUS"	"SSF"	"Sub-Saharan Africa "	2
2015	"MDV"	"SAS"	"South Asia"	2
2015	"MWI"	"SSF"	"Sub-Saharan Africa "	6
2015	"MEX"	"LCN"	"Latin America & Caribbean "	1111
2015	"MYS"	"EAS"	"East Asia & Pacific"	916
2015	"MOZ"	"SSF"	"Sub-Saharan Africa "	20
2015	"NAM"	"SSF"	"Sub-Saharan Africa "	7
2015	"NGA"	"SSF"	"Sub-Saharan Africa "	671
2015	"NIC"	"LCN"	"Latin America & Caribbean "	58
2015	"NLD"	"ECS"	"Europe & Central Asia"	235
2015	"NOR"	"ECS"	"Europe & Central Asia"	104
2015	"NPL"	"SAS"	"South Asia"	278
2015	"NZL"	"EAS"	"East Asia & Pacific"	122
2015	"OMN"	"MEA"	"Middle East & North Africa"	14
2015	"PAN"	"LCN"	"Latin America & Caribbean "	73
2015	"PER"	"LCN"	"Latin America & Caribbean "	910
2015	"PHL"	"EAS"	"East Asia & Pacific"	243
2015	"PAK"	"SAS"	"South Asia"	991
2015	"POL"	"ECS"	"Europe & Central Asia"	955
2015	"PRI"	"LCN"	"Latin America & Caribbean "	33
2015	"PSE"	"MEA"	"Middle East & North Africa"	16
2015	"PRT"	"ECS"	"Europe & Central Asia"	405
2015	"PLW"	"EAS"	"East Asia & Pacific"	3
2015	"PRY"	"LCN"	"Latin America & Caribbean "	96
2015	"QAT"	"MEA"	"Middle East & North Africa"	8
2015	"FRA"	"ECS"	"Europe & Central Asia"	2
2015	"ROU"	"ECS"	"Europe & Central Asia"	356
2015	"SRB"	"ECS"	"Europe & Central Asia"	340
2015	"RUS"	"ECS"	"Europe & Central Asia"	1251
2015	"RWA"	"SSF"	"Sub-Saharan Africa "	4
2015	"SAU"	"MEA"	"Middle East & North Africa"	53
2015	"SYC"	"SSF"	"Sub-Saharan Africa "	1
2015	"SDN"	"SSF"	"Sub-Saharan Africa "	88
2015	"SWE"	"ECS"	"Europe & Central Asia"	160
2015	"SGP"	"EAS"	"East Asia & Pacific"	956
2015	"SVN"	"ECS"	"Europe & Central Asia"	97
2015	"SVK"	"ECS"	"Europe & Central Asia"	47
2015	"SLE"	"SSF"	"Sub-Saharan Africa "	1
2015	"SEN"	"SSF"	"Sub-Saharan Africa "	6
2015	"SOM"	"SSF"	"Sub-Saharan Africa "	2
2015	"SUR"	"LCN"	"Latin America & Caribbean "	1
2015	"SLV"	"LCN"	"Latin America & Caribbean "	47
2015	"SYR"	"MEA"	"Middle East & North Africa"	27
2015	"SWZ"	"SSF"	"Sub-Saharan Africa "	5
2015	"THA"	"EAS"	"East Asia & Pacific"	1297
2015	"NZL"	"EAS"	"East Asia & Pacific"	30
2015	"TLS"	"EAS"	"East Asia & Pacific"	8
2015	"TUN"	"MEA"	"Middle East & North Africa"	9
2015	"TON"	"EAS"	"East Asia & Pacific"	1
2015	"TUR"	"ECS"	"Europe & Central Asia"	575
2015	"TTO"	"LCN"	"Latin America & Caribbean "	17
2015	"TWN"	"EAS"	"East Asia & Pacific"	36
2015	"TZA"	"SSF"	"Sub-Saharan Africa "	51
2015	"UKR"	"ECS"	"Europe & Central Asia"	3163
2015	"UGA"	"SSF"	"Sub-Saharan Africa "	20
2015	"USA"	"NAC"	"North America"	5430
2015	"URY"	"LCN"	"Latin America & Caribbean "	97
2015	"UZB"	"ECS"	"Europe & Central Asia"	294
2015	"VEN"	"LCN"	"Latin America & Caribbean "	352
2015	"VNM"	"EAS"	"East Asia & Pacific"	310
2015	"VUT"	"EAS"	"East Asia & Pacific"	4
2015	"WSM"	"EAS"	"East Asia & Pacific"	14
2015	"YEM"	"MEA"	"Middle East & North Africa"	32
2015	"ZAF"	"SSF"	"Sub-Saharan Africa "	250
2015	"ZMB"	"SSF"	"Sub-Saharan Africa "	28
2015	"ZWE"	"SSF"	"Sub-Saharan Africa "	24
2016	"WLD"	"NA"	"*Others"	6265
2016	"AND"	"ECS"	"Europe & Central Asia"	1
2016	"ARE"	"MEA"	"Middle East & North Africa"	95
2016	"AFG"	"SAS"	"South Asia"	9
2016	"WLD"	"NA"	"*Others"	1
2016	"ALB"	"ECS"	"Europe & Central Asia"	19
2016	"ARM"	"ECS"	"Europe & Central Asia"	54
2016	"AGO"	"SSF"	"Sub-Saharan Africa "	27
2016	"ARG"	"LCN"	"Latin America & Caribbean "	1178
2016	"AUT"	"ECS"	"Europe & Central Asia"	83
2016	"AUS"	"EAS"	"East Asia & Pacific"	196
2016	"AZE"	"ECS"	"Europe & Central Asia"	13
2016	"BIH"	"ECS"	"Europe & Central Asia"	75
2016	"BRB"	"LCN"	"Latin America & Caribbean "	3
2016	"BGD"	"SAS"	"South Asia"	176
2016	"BEL"	"ECS"	"Europe & Central Asia"	210
2016	"BFA"	"SSF"	"Sub-Saharan Africa "	4
2016	"BGR"	"ECS"	"Europe & Central Asia"	111
2016	"BHR"	"MEA"	"Middle East & North Africa"	5
2016	"BDI"	"SSF"	"Sub-Saharan Africa "	1
2016	"BEN"	"SSF"	"Sub-Saharan Africa "	4
2016	"BRN"	"EAS"	"East Asia & Pacific"	9
2016	"BOL"	"LCN"	"Latin America & Caribbean "	127
2016	"BRA"	"LCN"	"Latin America & Caribbean "	8113
2016	"BTN"	"SAS"	"South Asia"	15
2016	"BWA"	"SSF"	"Sub-Saharan Africa "	13
2016	"BLR"	"ECS"	"Europe & Central Asia"	33
2016	"BLZ"	"LCN"	"Latin America & Caribbean "	8
2016	"CAN"	"NAC"	"North America"	920
2016	"AUS"	"EAS"	"East Asia & Pacific"	9
2016	"COD"	"SSF"	"Sub-Saharan Africa "	9
2016	"CAF"	"SSF"	"Sub-Saharan Africa "	5
2016	"COG"	"SSF"	"Sub-Saharan Africa "	3
2016	"CHE"	"ECS"	"Europe & Central Asia"	121
2016	"CIV"	"SSF"	"Sub-Saharan Africa "	2
2016	"CHL"	"LCN"	"Latin America & Caribbean "	460
2016	"CMR"	"SSF"	"Sub-Saharan Africa "	6
2016	"CHN"	"EAS"	"East Asia & Pacific"	125
2016	"COL"	"LCN"	"Latin America & Caribbean "	1421
2016	"CRI"	"LCN"	"Latin America & Caribbean "	296
2016	"CUB"	"LCN"	"Latin America & Caribbean "	132
2016	"CPV"	"SSF"	"Sub-Saharan Africa "	1
2016	"CYP"	"ECS"	"Europe & Central Asia"	91
2016	"CZE"	"ECS"	"Europe & Central Asia"	225
2016	"DEU"	"ECS"	"Europe & Central Asia"	1435
2016	"DNK"	"ECS"	"Europe & Central Asia"	279
2016	"DOM"	"LCN"	"Latin America & Caribbean "	24
2016	"DZA"	"MEA"	"Middle East & North Africa"	204
2016	"ECU"	"LCN"	"Latin America & Caribbean "	418
2016	"EST"	"ECS"	"Europe & Central Asia"	54
2016	"EGY"	"MEA"	"Middle East & North Africa"	38
2016	"WLD"	"NA"	"*Others"	1
2016	"ESP"	"ECS"	"Europe & Central Asia"	2255
2016	"ETH"	"SSF"	"Sub-Saharan Africa "	120
2016	"FIN"	"ECS"	"Europe & Central Asia"	179
2016	"FRA"	"ECS"	"Europe & Central Asia"	388
2016	"GAB"	"SSF"	"Sub-Saharan Africa "	5
2016	"GBR"	"ECS"	"Europe & Central Asia"	766
2016	"GRD"	"LCN"	"Latin America & Caribbean "	30
2016	"GEO"	"ECS"	"Europe & Central Asia"	119
2016	"GHA"	"SSF"	"Sub-Saharan Africa "	81
2016	"GMB"	"SSF"	"Sub-Saharan Africa "	4
2016	"GIN"	"SSF"	"Sub-Saharan Africa "	3
2016	"GNQ"	"SSF"	"Sub-Saharan Africa "	1
2016	"GRC"	"ECS"	"Europe & Central Asia"	170
2016	"GTM"	"LCN"	"Latin America & Caribbean "	40
2016	"HKG"	"EAS"	"East Asia & Pacific"	32
2016	"HND"	"LCN"	"Latin America & Caribbean "	27
2016	"HRV"	"ECS"	"Europe & Central Asia"	156
2016	"HTI"	"LCN"	"Latin America & Caribbean "	1
2016	"HUN"	"ECS"	"Europe & Central Asia"	247
2016	"IDN"	"EAS"	"East Asia & Pacific"	33191
2016	"IRL"	"ECS"	"Europe & Central Asia"	33
2016	"ISR"	"MEA"	"Middle East & North Africa"	11
2016	"IND"	"SAS"	"South Asia"	2293
2016	"WLD"	"NA"	"*Others"	15
2016	"IRQ"	"MEA"	"Middle East & North Africa"	332
2016	"IRN"	"MEA"	"Middle East & North Africa"	277
2016	"ISL"	"ECS"	"Europe & Central Asia"	16
2016	"ITA"	"ECS"	"Europe & Central Asia"	798
2016	"JAM"	"LCN"	"Latin America & Caribbean "	1
2016	"JOR"	"MEA"	"Middle East & North Africa"	80
2016	"JPN"	"EAS"	"East Asia & Pacific"	51
2016	"KEN"	"SSF"	"Sub-Saharan Africa "	301
2016	"KGZ"	"ECS"	"Europe & Central Asia"	17
2016	"KHM"	"EAS"	"East Asia & Pacific"	2
2016	"KOR"	"EAS"	"East Asia & Pacific"	19
2016	"KWT"	"MEA"	"Middle East & North Africa"	21
2016	"KAZ"	"ECS"	"Europe & Central Asia"	134
2016	"LAO"	"EAS"	"East Asia & Pacific"	4
2016	"LBN"	"MEA"	"Middle East & North Africa"	16
2016	"LKA"	"SAS"	"South Asia"	53
2016	"LSO"	"SSF"	"Sub-Saharan Africa "	2
2016	"LTU"	"ECS"	"Europe & Central Asia"	195
2016	"LUX"	"ECS"	"Europe & Central Asia"	4
2016	"LVA"	"ECS"	"Europe & Central Asia"	59
2016	"LBY"	"MEA"	"Middle East & North Africa"	80
2016	"MAR"	"MEA"	"Middle East & North Africa"	384
2016	"MDA"	"ECS"	"Europe & Central Asia"	14
2016	"MNE"	"ECS"	"Europe & Central Asia"	16
2016	"MDG"	"SSF"	"Sub-Saharan Africa "	1
2016	"MHL"	"EAS"	"East Asia & Pacific"	3
2016	"MKD"	"ECS"	"Europe & Central Asia"	75
2016	"MLI"	"SSF"	"Sub-Saharan Africa "	23
2016	"MMR"	"EAS"	"East Asia & Pacific"	4
2016	"MNG"	"EAS"	"East Asia & Pacific"	17
2016	"MLT"	"MEA"	"Middle East & North Africa"	1
2016	"MUS"	"SSF"	"Sub-Saharan Africa "	2
2016	"MDV"	"SAS"	"South Asia"	2
2016	"MWI"	"SSF"	"Sub-Saharan Africa "	6
2016	"MEX"	"LCN"	"Latin America & Caribbean "	1111
2016	"MYS"	"EAS"	"East Asia & Pacific"	916
2016	"MOZ"	"SSF"	"Sub-Saharan Africa "	20
2016	"NAM"	"SSF"	"Sub-Saharan Africa "	7
2016	"NGA"	"SSF"	"Sub-Saharan Africa "	671
2016	"NIC"	"LCN"	"Latin America & Caribbean "	58
2016	"NLD"	"ECS"	"Europe & Central Asia"	235
2016	"NOR"	"ECS"	"Europe & Central Asia"	104
2016	"NPL"	"SAS"	"South Asia"	278
2016	"NZL"	"EAS"	"East Asia & Pacific"	122
2016	"OMN"	"MEA"	"Middle East & North Africa"	14
2016	"PAN"	"LCN"	"Latin America & Caribbean "	73
2016	"PER"	"LCN"	"Latin America & Caribbean "	910
2016	"PHL"	"EAS"	"East Asia & Pacific"	243
2016	"PAK"	"SAS"	"South Asia"	991
2016	"POL"	"ECS"	"Europe & Central Asia"	955
2016	"PRI"	"LCN"	"Latin America & Caribbean "	33
2016	"PSE"	"MEA"	"Middle East & North Africa"	16
2016	"PRT"	"ECS"	"Europe & Central Asia"	405
2016	"PLW"	"EAS"	"East Asia & Pacific"	3
2016	"PRY"	"LCN"	"Latin America & Caribbean "	96
2016	"QAT"	"MEA"	"Middle East & North Africa"	8
2016	"FRA"	"ECS"	"Europe & Central Asia"	2
2016	"ROU"	"ECS"	"Europe & Central Asia"	356
2016	"SRB"	"ECS"	"Europe & Central Asia"	340
2016	"RUS"	"ECS"	"Europe & Central Asia"	1251
2016	"RWA"	"SSF"	"Sub-Saharan Africa "	4
2016	"SAU"	"MEA"	"Middle East & North Africa"	53
2016	"SYC"	"SSF"	"Sub-Saharan Africa "	1
2016	"SDN"	"SSF"	"Sub-Saharan Africa "	88
2016	"SWE"	"ECS"	"Europe & Central Asia"	160
2016	"SGP"	"EAS"	"East Asia & Pacific"	956
2016	"SVN"	"ECS"	"Europe & Central Asia"	97
2016	"SVK"	"ECS"	"Europe & Central Asia"	47
2016	"SLE"	"SSF"	"Sub-Saharan Africa "	1
2016	"SEN"	"SSF"	"Sub-Saharan Africa "	6
2016	"SOM"	"SSF"	"Sub-Saharan Africa "	2
2016	"SUR"	"LCN"	"Latin America & Caribbean "	1
2016	"SLV"	"LCN"	"Latin America & Caribbean "	47
2016	"SYR"	"MEA"	"Middle East & North Africa"	27
2016	"SWZ"	"SSF"	"Sub-Saharan Africa "	5
2016	"THA"	"EAS"	"East Asia & Pacific"	1297
2016	"NZL"	"EAS"	"East Asia & Pacific"	30
2016	"TLS"	"EAS"	"East Asia & Pacific"	8
2016	"TUN"	"MEA"	"Middle East & North Africa"	9
2016	"TON"	"EAS"	"East Asia & Pacific"	1
2016	"TUR"	"ECS"	"Europe & Central Asia"	575
2016	"TTO"	"LCN"	"Latin America & Caribbean "	17
2016	"TWN"	"EAS"	"East Asia & Pacific"	36
2016	"TZA"	"SSF"	"Sub-Saharan Africa "	51
2016	"UKR"	"ECS"	"Europe & Central Asia"	3163
2016	"UGA"	"SSF"	"Sub-Saharan Africa "	20
2016	"USA"	"NAC"	"North America"	5430
2016	"URY"	"LCN"	"Latin America & Caribbean "	97
2016	"UZB"	"ECS"	"Europe & Central Asia"	294
2016	"VEN"	"LCN"	"Latin America & Caribbean "	352
2016	"VNM"	"EAS"	"East Asia & Pacific"	310
2016	"VUT"	"EAS"	"East Asia & Pacific"	4
2016	"WSM"	"EAS"	"East Asia & Pacific"	14
2016	"YEM"	"MEA"	"Middle East & North Africa"	32
2016	"ZAF"	"SSF"	"Sub-Saharan Africa "	250
2016	"ZMB"	"SSF"	"Sub-Saharan Africa "	28
2016	"ZWE"	"SSF"	"Sub-Saharan Africa "	24
2017	"WLD"	"NA"	"*Others"	6265
2017	"AND"	"ECS"	"Europe & Central Asia"	1
2017	"ARE"	"MEA"	"Middle East & North Africa"	95
2017	"AFG"	"SAS"	"South Asia"	9
2017	"WLD"	"NA"	"*Others"	1
2017	"ALB"	"ECS"	"Europe & Central Asia"	19
2017	"ARM"	"ECS"	"Europe & Central Asia"	54
2017	"AGO"	"SSF"	"Sub-Saharan Africa "	27
2017	"ARG"	"LCN"	"Latin America & Caribbean "	1178
2017	"AUT"	"ECS"	"Europe & Central Asia"	83
2017	"AUS"	"EAS"	"East Asia & Pacific"	196
2017	"AZE"	"ECS"	"Europe & Central Asia"	13
2017	"BIH"	"ECS"	"Europe & Central Asia"	75
2017	"BRB"	"LCN"	"Latin America & Caribbean "	3
2017	"BGD"	"SAS"	"South Asia"	176
2017	"BEL"	"ECS"	"Europe & Central Asia"	210
2017	"BFA"	"SSF"	"Sub-Saharan Africa "	4
2017	"BGR"	"ECS"	"Europe & Central Asia"	111
2017	"BHR"	"MEA"	"Middle East & North Africa"	5
2017	"BDI"	"SSF"	"Sub-Saharan Africa "	1
2017	"BEN"	"SSF"	"Sub-Saharan Africa "	4
2017	"BRN"	"EAS"	"East Asia & Pacific"	9
2017	"BOL"	"LCN"	"Latin America & Caribbean "	127
2017	"BRA"	"LCN"	"Latin America & Caribbean "	8113
2017	"BTN"	"SAS"	"South Asia"	15
2017	"BWA"	"SSF"	"Sub-Saharan Africa "	13
2017	"BLR"	"ECS"	"Europe & Central Asia"	33
2017	"BLZ"	"LCN"	"Latin America & Caribbean "	8
2017	"CAN"	"NAC"	"North America"	920
2017	"AUS"	"EAS"	"East Asia & Pacific"	9
2017	"COD"	"SSF"	"Sub-Saharan Africa "	9
2017	"CAF"	"SSF"	"Sub-Saharan Africa "	5
2017	"COG"	"SSF"	"Sub-Saharan Africa "	3
2017	"CHE"	"ECS"	"Europe & Central Asia"	121
2017	"CIV"	"SSF"	"Sub-Saharan Africa "	2
2017	"CHL"	"LCN"	"Latin America & Caribbean "	460
2017	"CMR"	"SSF"	"Sub-Saharan Africa "	6
2017	"CHN"	"EAS"	"East Asia & Pacific"	125
2017	"COL"	"LCN"	"Latin America & Caribbean "	1421
2017	"CRI"	"LCN"	"Latin America & Caribbean "	296
2017	"CUB"	"LCN"	"Latin America & Caribbean "	132
2017	"CPV"	"SSF"	"Sub-Saharan Africa "	1
2017	"CYP"	"ECS"	"Europe & Central Asia"	91
2017	"CZE"	"ECS"	"Europe & Central Asia"	225
2017	"DEU"	"ECS"	"Europe & Central Asia"	1435
2017	"DNK"	"ECS"	"Europe & Central Asia"	279
2017	"DOM"	"LCN"	"Latin America & Caribbean "	24
2017	"DZA"	"MEA"	"Middle East & North Africa"	204
2017	"ECU"	"LCN"	"Latin America & Caribbean "	418
2017	"EST"	"ECS"	"Europe & Central Asia"	54
2017	"EGY"	"MEA"	"Middle East & North Africa"	38
2017	"WLD"	"NA"	"*Others"	1
2017	"ESP"	"ECS"	"Europe & Central Asia"	2255
2017	"ETH"	"SSF"	"Sub-Saharan Africa "	120
2017	"FIN"	"ECS"	"Europe & Central Asia"	179
2017	"FRA"	"ECS"	"Europe & Central Asia"	388
2017	"GAB"	"SSF"	"Sub-Saharan Africa "	5
2017	"GBR"	"ECS"	"Europe & Central Asia"	766
2017	"GRD"	"LCN"	"Latin America & Caribbean "	30
2017	"GEO"	"ECS"	"Europe & Central Asia"	119
2017	"GHA"	"SSF"	"Sub-Saharan Africa "	81
2017	"GMB"	"SSF"	"Sub-Saharan Africa "	4
2017	"GIN"	"SSF"	"Sub-Saharan Africa "	3
2017	"GNQ"	"SSF"	"Sub-Saharan Africa "	1
2017	"GRC"	"ECS"	"Europe & Central Asia"	170
2017	"GTM"	"LCN"	"Latin America & Caribbean "	40
2017	"HKG"	"EAS"	"East Asia & Pacific"	32
2017	"HND"	"LCN"	"Latin America & Caribbean "	27
2017	"HRV"	"ECS"	"Europe & Central Asia"	156
2017	"HTI"	"LCN"	"Latin America & Caribbean "	1
2017	"HUN"	"ECS"	"Europe & Central Asia"	247
2017	"IDN"	"EAS"	"East Asia & Pacific"	33191
2017	"IRL"	"ECS"	"Europe & Central Asia"	33
2017	"ISR"	"MEA"	"Middle East & North Africa"	11
2017	"IND"	"SAS"	"South Asia"	2293
2017	"WLD"	"NA"	"*Others"	15
2017	"IRQ"	"MEA"	"Middle East & North Africa"	332
2017	"IRN"	"MEA"	"Middle East & North Africa"	277
2017	"ISL"	"ECS"	"Europe & Central Asia"	16
2017	"ITA"	"ECS"	"Europe & Central Asia"	798
2017	"JAM"	"LCN"	"Latin America & Caribbean "	1
2017	"JOR"	"MEA"	"Middle East & North Africa"	80
2017	"JPN"	"EAS"	"East Asia & Pacific"	51
2017	"KEN"	"SSF"	"Sub-Saharan Africa "	301
2017	"KGZ"	"ECS"	"Europe & Central Asia"	17
2017	"KHM"	"EAS"	"East Asia & Pacific"	2
2017	"KOR"	"EAS"	"East Asia & Pacific"	19
2017	"KWT"	"MEA"	"Middle East & North Africa"	21
2017	"KAZ"	"ECS"	"Europe & Central Asia"	134
2017	"LAO"	"EAS"	"East Asia & Pacific"	4
2017	"LBN"	"MEA"	"Middle East & North Africa"	16
2017	"LKA"	"SAS"	"South Asia"	53
2017	"LSO"	"SSF"	"Sub-Saharan Africa "	2
2017	"LTU"	"ECS"	"Europe & Central Asia"	195
2017	"LUX"	"ECS"	"Europe & Central Asia"	4
2017	"LVA"	"ECS"	"Europe & Central Asia"	59
2017	"LBY"	"MEA"	"Middle East & North Africa"	80
2017	"MAR"	"MEA"	"Middle East & North Africa"	384
2017	"MDA"	"ECS"	"Europe & Central Asia"	14
2017	"MNE"	"ECS"	"Europe & Central Asia"	16
2017	"MDG"	"SSF"	"Sub-Saharan Africa "	1
2017	"MHL"	"EAS"	"East Asia & Pacific"	3
2017	"MKD"	"ECS"	"Europe & Central Asia"	75
2017	"MLI"	"SSF"	"Sub-Saharan Africa "	23
2017	"MMR"	"EAS"	"East Asia & Pacific"	4
2017	"MNG"	"EAS"	"East Asia & Pacific"	17
2017	"MLT"	"MEA"	"Middle East & North Africa"	1
2017	"MUS"	"SSF"	"Sub-Saharan Africa "	2
2017	"MDV"	"SAS"	"South Asia"	2
2017	"MWI"	"SSF"	"Sub-Saharan Africa "	6
2017	"MEX"	"LCN"	"Latin America & Caribbean "	1111
2017	"MYS"	"EAS"	"East Asia & Pacific"	916
2017	"MOZ"	"SSF"	"Sub-Saharan Africa "	20
2017	"NAM"	"SSF"	"Sub-Saharan Africa "	7
2017	"NGA"	"SSF"	"Sub-Saharan Africa "	671
2017	"NIC"	"LCN"	"Latin America & Caribbean "	58
2017	"NLD"	"ECS"	"Europe & Central Asia"	235
2017	"NOR"	"ECS"	"Europe & Central Asia"	104
2017	"NPL"	"SAS"	"South Asia"	278
2017	"NZL"	"EAS"	"East Asia & Pacific"	122
2017	"OMN"	"MEA"	"Middle East & North Africa"	14
2017	"PAN"	"LCN"	"Latin America & Caribbean "	73
2017	"PER"	"LCN"	"Latin America & Caribbean "	910
2017	"PHL"	"EAS"	"East Asia & Pacific"	243
2017	"PAK"	"SAS"	"South Asia"	991
2017	"POL"	"ECS"	"Europe & Central Asia"	955
2017	"PRI"	"LCN"	"Latin America & Caribbean "	33
2017	"PSE"	"MEA"	"Middle East & North Africa"	16
2017	"PRT"	"ECS"	"Europe & Central Asia"	405
2017	"PLW"	"EAS"	"East Asia & Pacific"	3
2017	"PRY"	"LCN"	"Latin America & Caribbean "	96
2017	"QAT"	"MEA"	"Middle East & North Africa"	8
2017	"FRA"	"ECS"	"Europe & Central Asia"	2
2017	"ROU"	"ECS"	"Europe & Central Asia"	356
2017	"SRB"	"ECS"	"Europe & Central Asia"	340
2017	"RUS"	"ECS"	"Europe & Central Asia"	1251
2017	"RWA"	"SSF"	"Sub-Saharan Africa "	4
2017	"SAU"	"MEA"	"Middle East & North Africa"	53
2017	"SYC"	"SSF"	"Sub-Saharan Africa "	1
2017	"SDN"	"SSF"	"Sub-Saharan Africa "	88
2017	"SWE"	"ECS"	"Europe & Central Asia"	160
2017	"SGP"	"EAS"	"East Asia & Pacific"	956
2017	"SVN"	"ECS"	"Europe & Central Asia"	97
2017	"SVK"	"ECS"	"Europe & Central Asia"	47
2017	"SLE"	"SSF"	"Sub-Saharan Africa "	1
2017	"SEN"	"SSF"	"Sub-Saharan Africa "	6
2017	"SOM"	"SSF"	"Sub-Saharan Africa "	2
2017	"SUR"	"LCN"	"Latin America & Caribbean "	1
2017	"SLV"	"LCN"	"Latin America & Caribbean "	47
2017	"SYR"	"MEA"	"Middle East & North Africa"	27
2017	"SWZ"	"SSF"	"Sub-Saharan Africa "	5
2017	"THA"	"EAS"	"East Asia & Pacific"	1297
2017	"NZL"	"EAS"	"East Asia & Pacific"	30
2017	"TLS"	"EAS"	"East Asia & Pacific"	8
2017	"TUN"	"MEA"	"Middle East & North Africa"	9
2017	"TON"	"EAS"	"East Asia & Pacific"	1
2017	"TUR"	"ECS"	"Europe & Central Asia"	575
2017	"TTO"	"LCN"	"Latin America & Caribbean "	17
2017	"TWN"	"EAS"	"East Asia & Pacific"	36
2017	"TZA"	"SSF"	"Sub-Saharan Africa "	51
2017	"UKR"	"ECS"	"Europe & Central Asia"	3163
2017	"UGA"	"SSF"	"Sub-Saharan Africa "	20
2017	"USA"	"NAC"	"North America"	5430
2017	"URY"	"LCN"	"Latin America & Caribbean "	97
2017	"UZB"	"ECS"	"Europe & Central Asia"	294
2017	"VEN"	"LCN"	"Latin America & Caribbean "	352
2017	"VNM"	"EAS"	"East Asia & Pacific"	310
2017	"VUT"	"EAS"	"East Asia & Pacific"	4
2017	"WSM"	"EAS"	"East Asia & Pacific"	14
2017	"YEM"	"MEA"	"Middle East & North Africa"	32
2017	"ZAF"	"SSF"	"Sub-Saharan Africa "	250
2017	"ZMB"	"SSF"	"Sub-Saharan Africa "	28
2017	"ZWE"	"SSF"	"Sub-Saharan Africa "	24
2018	"WLD"	"NA"	"*Others"	6265
2018	"AND"	"ECS"	"Europe & Central Asia"	1
2018	"ARE"	"MEA"	"Middle East & North Africa"	95
2018	"AFG"	"SAS"	"South Asia"	9
2018	"WLD"	"NA"	"*Others"	1
2018	"ALB"	"ECS"	"Europe & Central Asia"	19
2018	"ARM"	"ECS"	"Europe & Central Asia"	54
2018	"AGO"	"SSF"	"Sub-Saharan Africa "	27
2018	"ARG"	"LCN"	"Latin America & Caribbean "	1178
2018	"AUT"	"ECS"	"Europe & Central Asia"	83
2018	"AUS"	"EAS"	"East Asia & Pacific"	196
2018	"AZE"	"ECS"	"Europe & Central Asia"	13
2018	"BIH"	"ECS"	"Europe & Central Asia"	75
2018	"BRB"	"LCN"	"Latin America & Caribbean "	3
2018	"BGD"	"SAS"	"South Asia"	176
2018	"BEL"	"ECS"	"Europe & Central Asia"	210
2018	"BFA"	"SSF"	"Sub-Saharan Africa "	4
2018	"BGR"	"ECS"	"Europe & Central Asia"	111
2018	"BHR"	"MEA"	"Middle East & North Africa"	5
2018	"BDI"	"SSF"	"Sub-Saharan Africa "	1
2018	"BEN"	"SSF"	"Sub-Saharan Africa "	4
2018	"BRN"	"EAS"	"East Asia & Pacific"	9
2018	"BOL"	"LCN"	"Latin America & Caribbean "	127
2018	"BRA"	"LCN"	"Latin America & Caribbean "	8113
2018	"BTN"	"SAS"	"South Asia"	15
2018	"BWA"	"SSF"	"Sub-Saharan Africa "	13
2018	"BLR"	"ECS"	"Europe & Central Asia"	33
2018	"BLZ"	"LCN"	"Latin America & Caribbean "	8
2018	"CAN"	"NAC"	"North America"	920
2018	"AUS"	"EAS"	"East Asia & Pacific"	9
2018	"COD"	"SSF"	"Sub-Saharan Africa "	9
2018	"CAF"	"SSF"	"Sub-Saharan Africa "	5
2018	"COG"	"SSF"	"Sub-Saharan Africa "	3
2018	"CHE"	"ECS"	"Europe & Central Asia"	121
2018	"CIV"	"SSF"	"Sub-Saharan Africa "	2
2018	"CHL"	"LCN"	"Latin America & Caribbean "	460
2018	"CMR"	"SSF"	"Sub-Saharan Africa "	6
2018	"CHN"	"EAS"	"East Asia & Pacific"	125
2018	"COL"	"LCN"	"Latin America & Caribbean "	1421
2018	"CRI"	"LCN"	"Latin America & Caribbean "	296
2018	"CUB"	"LCN"	"Latin America & Caribbean "	132
2018	"CPV"	"SSF"	"Sub-Saharan Africa "	1
2018	"CYP"	"ECS"	"Europe & Central Asia"	91
2018	"CZE"	"ECS"	"Europe & Central Asia"	225
2018	"DEU"	"ECS"	"Europe & Central Asia"	1435
2018	"DNK"	"ECS"	"Europe & Central Asia"	279
2018	"DOM"	"LCN"	"Latin America & Caribbean "	24
2018	"DZA"	"MEA"	"Middle East & North Africa"	204
2018	"ECU"	"LCN"	"Latin America & Caribbean "	418
2018	"EST"	"ECS"	"Europe & Central Asia"	54
2018	"EGY"	"MEA"	"Middle East & North Africa"	38
2018	"WLD"	"NA"	"*Others"	1
2018	"ESP"	"ECS"	"Europe & Central Asia"	2255
2018	"ETH"	"SSF"	"Sub-Saharan Africa "	120
2018	"FIN"	"ECS"	"Europe & Central Asia"	179
2018	"FRA"	"ECS"	"Europe & Central Asia"	388
2018	"GAB"	"SSF"	"Sub-Saharan Africa "	5
2018	"GBR"	"ECS"	"Europe & Central Asia"	766
2018	"GRD"	"LCN"	"Latin America & Caribbean "	30
2018	"GEO"	"ECS"	"Europe & Central Asia"	119
2018	"GHA"	"SSF"	"Sub-Saharan Africa "	81
2018	"GMB"	"SSF"	"Sub-Saharan Africa "	4
2018	"GIN"	"SSF"	"Sub-Saharan Africa "	3
2018	"GNQ"	"SSF"	"Sub-Saharan Africa "	1
2018	"GRC"	"ECS"	"Europe & Central Asia"	170
2018	"GTM"	"LCN"	"Latin America & Caribbean "	40
2018	"HKG"	"EAS"	"East Asia & Pacific"	32
2018	"HND"	"LCN"	"Latin America & Caribbean "	27
2018	"HRV"	"ECS"	"Europe & Central Asia"	156
2018	"HTI"	"LCN"	"Latin America & Caribbean "	1
2018	"HUN"	"ECS"	"Europe & Central Asia"	247
2018	"IDN"	"EAS"	"East Asia & Pacific"	33191
2018	"IRL"	"ECS"	"Europe & Central Asia"	33
2018	"ISR"	"MEA"	"Middle East & North Africa"	11
2018	"IND"	"SAS"	"South Asia"	2293
2018	"WLD"	"NA"	"*Others"	15
2018	"IRQ"	"MEA"	"Middle East & North Africa"	332
2018	"IRN"	"MEA"	"Middle East & North Africa"	277
2018	"ISL"	"ECS"	"Europe & Central Asia"	16
2018	"ITA"	"ECS"	"Europe & Central Asia"	798
2018	"JAM"	"LCN"	"Latin America & Caribbean "	1
2018	"JOR"	"MEA"	"Middle East & North Africa"	80
2018	"JPN"	"EAS"	"East Asia & Pacific"	51
2018	"KEN"	"SSF"	"Sub-Saharan Africa "	301
2018	"KGZ"	"ECS"	"Europe & Central Asia"	17
2018	"KHM"	"EAS"	"East Asia & Pacific"	2
2018	"KOR"	"EAS"	"East Asia & Pacific"	19
2018	"KWT"	"MEA"	"Middle East & North Africa"	21
2018	"KAZ"	"ECS"	"Europe & Central Asia"	134
2018	"LAO"	"EAS"	"East Asia & Pacific"	4
2018	"LBN"	"MEA"	"Middle East & North Africa"	16
2018	"LKA"	"SAS"	"South Asia"	53
2018	"LSO"	"SSF"	"Sub-Saharan Africa "	2
2018	"LTU"	"ECS"	"Europe & Central Asia"	195
2018	"LUX"	"ECS"	"Europe & Central Asia"	4
2018	"LVA"	"ECS"	"Europe & Central Asia"	59
2018	"LBY"	"MEA"	"Middle East & North Africa"	80
2018	"MAR"	"MEA"	"Middle East & North Africa"	384
2018	"MDA"	"ECS"	"Europe & Central Asia"	14
2018	"MNE"	"ECS"	"Europe & Central Asia"	16
2018	"MDG"	"SSF"	"Sub-Saharan Africa "	1
2018	"MHL"	"EAS"	"East Asia & Pacific"	3
2018	"MKD"	"ECS"	"Europe & Central Asia"	75
2018	"MLI"	"SSF"	"Sub-Saharan Africa "	23
2018	"MMR"	"EAS"	"East Asia & Pacific"	4
2018	"MNG"	"EAS"	"East Asia & Pacific"	17
2018	"MLT"	"MEA"	"Middle East & North Africa"	1
2018	"MUS"	"SSF"	"Sub-Saharan Africa "	2
2018	"MDV"	"SAS"	"South Asia"	2
2018	"MWI"	"SSF"	"Sub-Saharan Africa "	6
2018	"MEX"	"LCN"	"Latin America & Caribbean "	1111
2018	"MYS"	"EAS"	"East Asia & Pacific"	916
2018	"MOZ"	"SSF"	"Sub-Saharan Africa "	20
2018	"NAM"	"SSF"	"Sub-Saharan Africa "	7
2018	"NGA"	"SSF"	"Sub-Saharan Africa "	671
2018	"NIC"	"LCN"	"Latin America & Caribbean "	58
2018	"NLD"	"ECS"	"Europe & Central Asia"	235
2018	"NOR"	"ECS"	"Europe & Central Asia"	104
2018	"NPL"	"SAS"	"South Asia"	278
2018	"NZL"	"EAS"	"East Asia & Pacific"	122
2018	"OMN"	"MEA"	"Middle East & North Africa"	14
2018	"PAN"	"LCN"	"Latin America & Caribbean "	73
2018	"PER"	"LCN"	"Latin America & Caribbean "	910
2018	"PHL"	"EAS"	"East Asia & Pacific"	243
2018	"PAK"	"SAS"	"South Asia"	991
2018	"POL"	"ECS"	"Europe & Central Asia"	955
2018	"PRI"	"LCN"	"Latin America & Caribbean "	33
2018	"PSE"	"MEA"	"Middle East & North Africa"	16
2018	"PRT"	"ECS"	"Europe & Central Asia"	405
2018	"PLW"	"EAS"	"East Asia & Pacific"	3
2018	"PRY"	"LCN"	"Latin America & Caribbean "	96
2018	"QAT"	"MEA"	"Middle East & North Africa"	8
2018	"FRA"	"ECS"	"Europe & Central Asia"	2
2018	"ROU"	"ECS"	"Europe & Central Asia"	356
2018	"SRB"	"ECS"	"Europe & Central Asia"	340
2018	"RUS"	"ECS"	"Europe & Central Asia"	1251
2018	"RWA"	"SSF"	"Sub-Saharan Africa "	4
2018	"SAU"	"MEA"	"Middle East & North Africa"	53
2018	"SYC"	"SSF"	"Sub-Saharan Africa "	1
2018	"SDN"	"SSF"	"Sub-Saharan Africa "	88
2018	"SWE"	"ECS"	"Europe & Central Asia"	160
2018	"SGP"	"EAS"	"East Asia & Pacific"	956
2018	"SVN"	"ECS"	"Europe & Central Asia"	97
2018	"SVK"	"ECS"	"Europe & Central Asia"	47
2018	"SLE"	"SSF"	"Sub-Saharan Africa "	1
2018	"SEN"	"SSF"	"Sub-Saharan Africa "	6
2018	"SOM"	"SSF"	"Sub-Saharan Africa "	2
2018	"SUR"	"LCN"	"Latin America & Caribbean "	1
2018	"SLV"	"LCN"	"Latin America & Caribbean "	47
2018	"SYR"	"MEA"	"Middle East & North Africa"	27
2018	"SWZ"	"SSF"	"Sub-Saharan Africa "	5
2018	"THA"	"EAS"	"East Asia & Pacific"	1297
2018	"NZL"	"EAS"	"East Asia & Pacific"	30
2018	"TLS"	"EAS"	"East Asia & Pacific"	8
2018	"TUN"	"MEA"	"Middle East & North Africa"	9
2018	"TON"	"EAS"	"East Asia & Pacific"	1
2018	"TUR"	"ECS"	"Europe & Central Asia"	575
2018	"TTO"	"LCN"	"Latin America & Caribbean "	17
2018	"TWN"	"EAS"	"East Asia & Pacific"	36
2018	"TZA"	"SSF"	"Sub-Saharan Africa "	51
2018	"UKR"	"ECS"	"Europe & Central Asia"	3163
2018	"UGA"	"SSF"	"Sub-Saharan Africa "	20
2018	"USA"	"NAC"	"North America"	5430
2018	"URY"	"LCN"	"Latin America & Caribbean "	97
2018	"UZB"	"ECS"	"Europe & Central Asia"	294
2018	"VEN"	"LCN"	"Latin America & Caribbean "	352
2018	"VNM"	"EAS"	"East Asia & Pacific"	310
2018	"VUT"	"EAS"	"East Asia & Pacific"	4
2018	"WSM"	"EAS"	"East Asia & Pacific"	14
2018	"YEM"	"MEA"	"Middle East & North Africa"	32
2018	"ZAF"	"SSF"	"Sub-Saharan Africa "	250
2018	"ZMB"	"SSF"	"Sub-Saharan Africa "	28
2018	"ZWE"	"SSF"	"Sub-Saharan Africa "	24
2019	"WLD"	"NA"	"*Others"	6265
2019	"AND"	"ECS"	"Europe & Central Asia"	1
2019	"ARE"	"MEA"	"Middle East & North Africa"	95
2019	"AFG"	"SAS"	"South Asia"	9
2019	"WLD"	"NA"	"*Others"	1
2019	"ALB"	"ECS"	"Europe & Central Asia"	19
2019	"ARM"	"ECS"	"Europe & Central Asia"	54
2019	"AGO"	"SSF"	"Sub-Saharan Africa "	27
2019	"ARG"	"LCN"	"Latin America & Caribbean "	1178
2019	"AUT"	"ECS"	"Europe & Central Asia"	83
2019	"AUS"	"EAS"	"East Asia & Pacific"	196
2019	"AZE"	"ECS"	"Europe & Central Asia"	13
2019	"BIH"	"ECS"	"Europe & Central Asia"	75
2019	"BRB"	"LCN"	"Latin America & Caribbean "	3
2019	"BGD"	"SAS"	"South Asia"	176
2019	"BEL"	"ECS"	"Europe & Central Asia"	210
2019	"BFA"	"SSF"	"Sub-Saharan Africa "	4
2019	"BGR"	"ECS"	"Europe & Central Asia"	111
2019	"BHR"	"MEA"	"Middle East & North Africa"	5
2019	"BDI"	"SSF"	"Sub-Saharan Africa "	1
2019	"BEN"	"SSF"	"Sub-Saharan Africa "	4
2019	"BRN"	"EAS"	"East Asia & Pacific"	9
2019	"BOL"	"LCN"	"Latin America & Caribbean "	127
2019	"BRA"	"LCN"	"Latin America & Caribbean "	8113
2019	"BTN"	"SAS"	"South Asia"	15
2019	"BWA"	"SSF"	"Sub-Saharan Africa "	13
2019	"BLR"	"ECS"	"Europe & Central Asia"	33
2019	"BLZ"	"LCN"	"Latin America & Caribbean "	8
2019	"CAN"	"NAC"	"North America"	920
2019	"AUS"	"EAS"	"East Asia & Pacific"	9
2019	"COD"	"SSF"	"Sub-Saharan Africa "	9
2019	"CAF"	"SSF"	"Sub-Saharan Africa "	5
2019	"COG"	"SSF"	"Sub-Saharan Africa "	3
2019	"CHE"	"ECS"	"Europe & Central Asia"	121
2019	"CIV"	"SSF"	"Sub-Saharan Africa "	2
2019	"CHL"	"LCN"	"Latin America & Caribbean "	460
2019	"CMR"	"SSF"	"Sub-Saharan Africa "	6
2019	"CHN"	"EAS"	"East Asia & Pacific"	125
2019	"COL"	"LCN"	"Latin America & Caribbean "	1421
2019	"CRI"	"LCN"	"Latin America & Caribbean "	296
2019	"CUB"	"LCN"	"Latin America & Caribbean "	132
2019	"CPV"	"SSF"	"Sub-Saharan Africa "	1
2019	"CYP"	"ECS"	"Europe & Central Asia"	91
2019	"CZE"	"ECS"	"Europe & Central Asia"	225
2019	"DEU"	"ECS"	"Europe & Central Asia"	1435
2019	"DNK"	"ECS"	"Europe & Central Asia"	279
2019	"DOM"	"LCN"	"Latin America & Caribbean "	24
2019	"DZA"	"MEA"	"Middle East & North Africa"	204
2019	"ECU"	"LCN"	"Latin America & Caribbean "	418
2019	"EST"	"ECS"	"Europe & Central Asia"	54
2019	"EGY"	"MEA"	"Middle East & North Africa"	38
2019	"WLD"	"NA"	"*Others"	1
2019	"ESP"	"ECS"	"Europe & Central Asia"	2255
2019	"ETH"	"SSF"	"Sub-Saharan Africa "	120
2019	"FIN"	"ECS"	"Europe & Central Asia"	179
2019	"FRA"	"ECS"	"Europe & Central Asia"	388
2019	"GAB"	"SSF"	"Sub-Saharan Africa "	5
2019	"GBR"	"ECS"	"Europe & Central Asia"	766
2019	"GRD"	"LCN"	"Latin America & Caribbean "	30
2019	"GEO"	"ECS"	"Europe & Central Asia"	119
2019	"GHA"	"SSF"	"Sub-Saharan Africa "	81
2019	"GMB"	"SSF"	"Sub-Saharan Africa "	4
2019	"GIN"	"SSF"	"Sub-Saharan Africa "	3
2019	"GNQ"	"SSF"	"Sub-Saharan Africa "	1
2019	"GRC"	"ECS"	"Europe & Central Asia"	170
2019	"GTM"	"LCN"	"Latin America & Caribbean "	40
2019	"HKG"	"EAS"	"East Asia & Pacific"	32
2019	"HND"	"LCN"	"Latin America & Caribbean "	27
2019	"HRV"	"ECS"	"Europe & Central Asia"	156
2019	"HTI"	"LCN"	"Latin America & Caribbean "	1
2019	"HUN"	"ECS"	"Europe & Central Asia"	247
2019	"IDN"	"EAS"	"East Asia & Pacific"	33191
2019	"IRL"	"ECS"	"Europe & Central Asia"	33
2019	"ISR"	"MEA"	"Middle East & North Africa"	11
2019	"IND"	"SAS"	"South Asia"	2293
2019	"WLD"	"NA"	"*Others"	15
2019	"IRQ"	"MEA"	"Middle East & North Africa"	332
2019	"IRN"	"MEA"	"Middle East & North Africa"	277
2019	"ISL"	"ECS"	"Europe & Central Asia"	16
2019	"ITA"	"ECS"	"Europe & Central Asia"	798
2019	"JAM"	"LCN"	"Latin America & Caribbean "	1
2019	"JOR"	"MEA"	"Middle East & North Africa"	80
2019	"JPN"	"EAS"	"East Asia & Pacific"	51
2019	"KEN"	"SSF"	"Sub-Saharan Africa "	301
2019	"KGZ"	"ECS"	"Europe & Central Asia"	17
2019	"KHM"	"EAS"	"East Asia & Pacific"	2
2019	"KOR"	"EAS"	"East Asia & Pacific"	19
2019	"KWT"	"MEA"	"Middle East & North Africa"	21
2019	"KAZ"	"ECS"	"Europe & Central Asia"	134
2019	"LAO"	"EAS"	"East Asia & Pacific"	4
2019	"LBN"	"MEA"	"Middle East & North Africa"	16
2019	"LKA"	"SAS"	"South Asia"	53
2019	"LSO"	"SSF"	"Sub-Saharan Africa "	2
2019	"LTU"	"ECS"	"Europe & Central Asia"	195
2019	"LUX"	"ECS"	"Europe & Central Asia"	4
2019	"LVA"	"ECS"	"Europe & Central Asia"	59
2019	"LBY"	"MEA"	"Middle East & North Africa"	80
2019	"MAR"	"MEA"	"Middle East & North Africa"	384
2019	"MDA"	"ECS"	"Europe & Central Asia"	14
2019	"MNE"	"ECS"	"Europe & Central Asia"	16
2019	"MDG"	"SSF"	"Sub-Saharan Africa "	1
2019	"MHL"	"EAS"	"East Asia & Pacific"	3
2019	"MKD"	"ECS"	"Europe & Central Asia"	75
2019	"MLI"	"SSF"	"Sub-Saharan Africa "	23
2019	"MMR"	"EAS"	"East Asia & Pacific"	4
2019	"MNG"	"EAS"	"East Asia & Pacific"	17
2019	"MLT"	"MEA"	"Middle East & North Africa"	1
2019	"MUS"	"SSF"	"Sub-Saharan Africa "	2
2019	"MDV"	"SAS"	"South Asia"	2
2019	"MWI"	"SSF"	"Sub-Saharan Africa "	6
2019	"MEX"	"LCN"	"Latin America & Caribbean "	1111
2019	"MYS"	"EAS"	"East Asia & Pacific"	916
2019	"MOZ"	"SSF"	"Sub-Saharan Africa "	20
2019	"NAM"	"SSF"	"Sub-Saharan Africa "	7
2019	"NGA"	"SSF"	"Sub-Saharan Africa "	671
2019	"NIC"	"LCN"	"Latin America & Caribbean "	58
2019	"NLD"	"ECS"	"Europe & Central Asia"	235
2019	"NOR"	"ECS"	"Europe & Central Asia"	104
2019	"NPL"	"SAS"	"South Asia"	278
2019	"NZL"	"EAS"	"East Asia & Pacific"	122
2019	"OMN"	"MEA"	"Middle East & North Africa"	14
2019	"PAN"	"LCN"	"Latin America & Caribbean "	73
2019	"PER"	"LCN"	"Latin America & Caribbean "	910
2019	"PHL"	"EAS"	"East Asia & Pacific"	243
2019	"PAK"	"SAS"	"South Asia"	991
2019	"POL"	"ECS"	"Europe & Central Asia"	955
2019	"PRI"	"LCN"	"Latin America & Caribbean "	33
2019	"PSE"	"MEA"	"Middle East & North Africa"	16
2019	"PRT"	"ECS"	"Europe & Central Asia"	405
2019	"PLW"	"EAS"	"East Asia & Pacific"	3
2019	"PRY"	"LCN"	"Latin America & Caribbean "	96
2019	"QAT"	"MEA"	"Middle East & North Africa"	8
2019	"FRA"	"ECS"	"Europe & Central Asia"	2
2019	"ROU"	"ECS"	"Europe & Central Asia"	356
2019	"SRB"	"ECS"	"Europe & Central Asia"	340
2019	"RUS"	"ECS"	"Europe & Central Asia"	1251
2019	"RWA"	"SSF"	"Sub-Saharan Africa "	4
2019	"SAU"	"MEA"	"Middle East & North Africa"	53
2019	"SYC"	"SSF"	"Sub-Saharan Africa "	1
2019	"SDN"	"SSF"	"Sub-Saharan Africa "	88
2019	"SWE"	"ECS"	"Europe & Central Asia"	160
2019	"SGP"	"EAS"	"East Asia & Pacific"	956
2019	"SVN"	"ECS"	"Europe & Central Asia"	97
2019	"SVK"	"ECS"	"Europe & Central Asia"	47
2019	"SLE"	"SSF"	"Sub-Saharan Africa "	1
2019	"SEN"	"SSF"	"Sub-Saharan Africa "	6
2019	"SOM"	"SSF"	"Sub-Saharan Africa "	2
2019	"SUR"	"LCN"	"Latin America & Caribbean "	1
2019	"SLV"	"LCN"	"Latin America & Caribbean "	47
2019	"SYR"	"MEA"	"Middle East & North Africa"	27
2019	"SWZ"	"SSF"	"Sub-Saharan Africa "	5
2019	"THA"	"EAS"	"East Asia & Pacific"	1297
2019	"NZL"	"EAS"	"East Asia & Pacific"	30
2019	"TLS"	"EAS"	"East Asia & Pacific"	8
2019	"TUN"	"MEA"	"Middle East & North Africa"	9
2019	"TON"	"EAS"	"East Asia & Pacific"	1
2019	"TUR"	"ECS"	"Europe & Central Asia"	575
2019	"TTO"	"LCN"	"Latin America & Caribbean "	17
2019	"TWN"	"EAS"	"East Asia & Pacific"	36
2019	"TZA"	"SSF"	"Sub-Saharan Africa "	51
2019	"UKR"	"ECS"	"Europe & Central Asia"	3163
2019	"UGA"	"SSF"	"Sub-Saharan Africa "	20
2019	"USA"	"NAC"	"North America"	5430
2019	"URY"	"LCN"	"Latin America & Caribbean "	97
2019	"UZB"	"ECS"	"Europe & Central Asia"	294
2019	"VEN"	"LCN"	"Latin America & Caribbean "	352
2019	"VNM"	"EAS"	"East Asia & Pacific"	310
2019	"VUT"	"EAS"	"East Asia & Pacific"	4
2019	"WSM"	"EAS"	"East Asia & Pacific"	14
2019	"YEM"	"MEA"	"Middle East & North Africa"	32
2019	"ZAF"	"SSF"	"Sub-Saharan Africa "	250
2019	"ZMB"	"SSF"	"Sub-Saharan Africa "	28
2019	"ZWE"	"SSF"	"Sub-Saharan Africa "	24
2020	"WLD"	"NA"	"*Others"	6265
2020	"AND"	"ECS"	"Europe & Central Asia"	1
2020	"ARE"	"MEA"	"Middle East & North Africa"	95
2020	"AFG"	"SAS"	"South Asia"	9
2020	"WLD"	"NA"	"*Others"	1
2020	"ALB"	"ECS"	"Europe & Central Asia"	19
2020	"ARM"	"ECS"	"Europe & Central Asia"	54
2020	"AGO"	"SSF"	"Sub-Saharan Africa "	27
2020	"ARG"	"LCN"	"Latin America & Caribbean "	1178
2020	"AUT"	"ECS"	"Europe & Central Asia"	83
2020	"AUS"	"EAS"	"East Asia & Pacific"	196
2020	"AZE"	"ECS"	"Europe & Central Asia"	13
2020	"BIH"	"ECS"	"Europe & Central Asia"	75
2020	"BRB"	"LCN"	"Latin America & Caribbean "	3
2020	"BGD"	"SAS"	"South Asia"	176
2020	"BEL"	"ECS"	"Europe & Central Asia"	210
2020	"BFA"	"SSF"	"Sub-Saharan Africa "	4
2020	"BGR"	"ECS"	"Europe & Central Asia"	111
2020	"BHR"	"MEA"	"Middle East & North Africa"	5
2020	"BDI"	"SSF"	"Sub-Saharan Africa "	1
2020	"BEN"	"SSF"	"Sub-Saharan Africa "	4
2020	"BRN"	"EAS"	"East Asia & Pacific"	9
2020	"BOL"	"LCN"	"Latin America & Caribbean "	127
2020	"BRA"	"LCN"	"Latin America & Caribbean "	8113
2020	"BTN"	"SAS"	"South Asia"	15
2020	"BWA"	"SSF"	"Sub-Saharan Africa "	13
2020	"BLR"	"ECS"	"Europe & Central Asia"	33
2020	"BLZ"	"LCN"	"Latin America & Caribbean "	8
2020	"CAN"	"NAC"	"North America"	920
2020	"AUS"	"EAS"	"East Asia & Pacific"	9
2020	"COD"	"SSF"	"Sub-Saharan Africa "	9
2020	"CAF"	"SSF"	"Sub-Saharan Africa "	5
2020	"COG"	"SSF"	"Sub-Saharan Africa "	3
2020	"CHE"	"ECS"	"Europe & Central Asia"	121
2020	"CIV"	"SSF"	"Sub-Saharan Africa "	2
2020	"CHL"	"LCN"	"Latin America & Caribbean "	460
2020	"CMR"	"SSF"	"Sub-Saharan Africa "	6
2020	"CHN"	"EAS"	"East Asia & Pacific"	125
2020	"COL"	"LCN"	"Latin America & Caribbean "	1421
2020	"CRI"	"LCN"	"Latin America & Caribbean "	296
2020	"CUB"	"LCN"	"Latin America & Caribbean "	132
2020	"CPV"	"SSF"	"Sub-Saharan Africa "	1
2020	"CYP"	"ECS"	"Europe & Central Asia"	91
2020	"CZE"	"ECS"	"Europe & Central Asia"	225
2020	"DEU"	"ECS"	"Europe & Central Asia"	1435
2020	"DNK"	"ECS"	"Europe & Central Asia"	279
2020	"DOM"	"LCN"	"Latin America & Caribbean "	24
2020	"DZA"	"MEA"	"Middle East & North Africa"	204
2020	"ECU"	"LCN"	"Latin America & Caribbean "	418
2020	"EST"	"ECS"	"Europe & Central Asia"	54
2020	"EGY"	"MEA"	"Middle East & North Africa"	38
2020	"WLD"	"NA"	"*Others"	1
2020	"ESP"	"ECS"	"Europe & Central Asia"	2255
2020	"ETH"	"SSF"	"Sub-Saharan Africa "	120
2020	"FIN"	"ECS"	"Europe & Central Asia"	179
2020	"FRA"	"ECS"	"Europe & Central Asia"	388
2020	"GAB"	"SSF"	"Sub-Saharan Africa "	5
2020	"GBR"	"ECS"	"Europe & Central Asia"	766
2020	"GRD"	"LCN"	"Latin America & Caribbean "	30
2020	"GEO"	"ECS"	"Europe & Central Asia"	119
2020	"GHA"	"SSF"	"Sub-Saharan Africa "	81
2020	"GMB"	"SSF"	"Sub-Saharan Africa "	4
2020	"GIN"	"SSF"	"Sub-Saharan Africa "	3
2020	"GNQ"	"SSF"	"Sub-Saharan Africa "	1
2020	"GRC"	"ECS"	"Europe & Central Asia"	170
2020	"GTM"	"LCN"	"Latin America & Caribbean "	40
2020	"HKG"	"EAS"	"East Asia & Pacific"	32
2020	"HND"	"LCN"	"Latin America & Caribbean "	27
2020	"HRV"	"ECS"	"Europe & Central Asia"	156
2020	"HTI"	"LCN"	"Latin America & Caribbean "	1
2020	"HUN"	"ECS"	"Europe & Central Asia"	247
2020	"IDN"	"EAS"	"East Asia & Pacific"	33191
2020	"IRL"	"ECS"	"Europe & Central Asia"	33
2020	"ISR"	"MEA"	"Middle East & North Africa"	11
2020	"IND"	"SAS"	"South Asia"	2293
2020	"WLD"	"NA"	"*Others"	15
2020	"IRQ"	"MEA"	"Middle East & North Africa"	332
2020	"IRN"	"MEA"	"Middle East & North Africa"	277
2020	"ISL"	"ECS"	"Europe & Central Asia"	16
2020	"ITA"	"ECS"	"Europe & Central Asia"	798
2020	"JAM"	"LCN"	"Latin America & Caribbean "	1
2020	"JOR"	"MEA"	"Middle East & North Africa"	80
2020	"JPN"	"EAS"	"East Asia & Pacific"	51
2020	"KEN"	"SSF"	"Sub-Saharan Africa "	301
2020	"KGZ"	"ECS"	"Europe & Central Asia"	17
2020	"KHM"	"EAS"	"East Asia & Pacific"	2
2020	"KOR"	"EAS"	"East Asia & Pacific"	19
2020	"KWT"	"MEA"	"Middle East & North Africa"	21
2020	"KAZ"	"ECS"	"Europe & Central Asia"	134
2020	"LAO"	"EAS"	"East Asia & Pacific"	4
2020	"LBN"	"MEA"	"Middle East & North Africa"	16
2020	"LKA"	"SAS"	"South Asia"	53
2020	"LSO"	"SSF"	"Sub-Saharan Africa "	2
2020	"LTU"	"ECS"	"Europe & Central Asia"	195
2020	"LUX"	"ECS"	"Europe & Central Asia"	4
2020	"LVA"	"ECS"	"Europe & Central Asia"	59
2020	"LBY"	"MEA"	"Middle East & North Africa"	80
2020	"MAR"	"MEA"	"Middle East & North Africa"	384
2020	"MDA"	"ECS"	"Europe & Central Asia"	14
2020	"MNE"	"ECS"	"Europe & Central Asia"	16
2020	"MDG"	"SSF"	"Sub-Saharan Africa "	1
2020	"MHL"	"EAS"	"East Asia & Pacific"	3
2020	"MKD"	"ECS"	"Europe & Central Asia"	75
2020	"MLI"	"SSF"	"Sub-Saharan Africa "	23
2020	"MMR"	"EAS"	"East Asia & Pacific"	4
2020	"MNG"	"EAS"	"East Asia & Pacific"	17
2020	"MLT"	"MEA"	"Middle East & North Africa"	1
2020	"MUS"	"SSF"	"Sub-Saharan Africa "	2
2020	"MDV"	"SAS"	"South Asia"	2
2020	"MWI"	"SSF"	"Sub-Saharan Africa "	6
2020	"MEX"	"LCN"	"Latin America & Caribbean "	1111
2020	"MYS"	"EAS"	"East Asia & Pacific"	916
2020	"MOZ"	"SSF"	"Sub-Saharan Africa "	20
2020	"NAM"	"SSF"	"Sub-Saharan Africa "	7
2020	"NGA"	"SSF"	"Sub-Saharan Africa "	671
2020	"NIC"	"LCN"	"Latin America & Caribbean "	58
2020	"NLD"	"ECS"	"Europe & Central Asia"	235
2020	"NOR"	"ECS"	"Europe & Central Asia"	104
2020	"NPL"	"SAS"	"South Asia"	278
2020	"NZL"	"EAS"	"East Asia & Pacific"	122
2020	"OMN"	"MEA"	"Middle East & North Africa"	14
2020	"PAN"	"LCN"	"Latin America & Caribbean "	73
2020	"PER"	"LCN"	"Latin America & Caribbean "	910
2020	"PHL"	"EAS"	"East Asia & Pacific"	243
2020	"PAK"	"SAS"	"South Asia"	991
2020	"POL"	"ECS"	"Europe & Central Asia"	955
2020	"PRI"	"LCN"	"Latin America & Caribbean "	33
2020	"PSE"	"MEA"	"Middle East & North Africa"	16
2020	"PRT"	"ECS"	"Europe & Central Asia"	405
2020	"PLW"	"EAS"	"East Asia & Pacific"	3
2020	"PRY"	"LCN"	"Latin America & Caribbean "	96
2020	"QAT"	"MEA"	"Middle East & North Africa"	8
2020	"FRA"	"ECS"	"Europe & Central Asia"	2
2020	"ROU"	"ECS"	"Europe & Central Asia"	356
2020	"SRB"	"ECS"	"Europe & Central Asia"	340
2020	"RUS"	"ECS"	"Europe & Central Asia"	1251
2020	"RWA"	"SSF"	"Sub-Saharan Africa "	4
2020	"SAU"	"MEA"	"Middle East & North Africa"	53
2020	"SYC"	"SSF"	"Sub-Saharan Africa "	1
2020	"SDN"	"SSF"	"Sub-Saharan Africa "	88
2020	"SWE"	"ECS"	"Europe & Central Asia"	160
2020	"SGP"	"EAS"	"East Asia & Pacific"	956
2020	"SVN"	"ECS"	"Europe & Central Asia"	97
2020	"SVK"	"ECS"	"Europe & Central Asia"	47
2020	"SLE"	"SSF"	"Sub-Saharan Africa "	1
2020	"SEN"	"SSF"	"Sub-Saharan Africa "	6
2020	"SOM"	"SSF"	"Sub-Saharan Africa "	2
2020	"SUR"	"LCN"	"Latin America & Caribbean "	1
2020	"SLV"	"LCN"	"Latin America & Caribbean "	47
2020	"SYR"	"MEA"	"Middle East & North Africa"	27
2020	"SWZ"	"SSF"	"Sub-Saharan Africa "	5
2020	"THA"	"EAS"	"East Asia & Pacific"	1297
2020	"NZL"	"EAS"	"East Asia & Pacific"	30
2020	"TLS"	"EAS"	"East Asia & Pacific"	8
2020	"TUN"	"MEA"	"Middle East & North Africa"	9
2020	"TON"	"EAS"	"East Asia & Pacific"	1
2020	"TUR"	"ECS"	"Europe & Central Asia"	575
2020	"TTO"	"LCN"	"Latin America & Caribbean "	17
2020	"TWN"	"EAS"	"East Asia & Pacific"	36
2020	"TZA"	"SSF"	"Sub-Saharan Africa "	51
2020	"UKR"	"ECS"	"Europe & Central Asia"	3163
2020	"UGA"	"SSF"	"Sub-Saharan Africa "	20
2020	"USA"	"NAC"	"North America"	5430
2020	"URY"	"LCN"	"Latin America & Caribbean "	97
2020	"UZB"	"ECS"	"Europe & Central Asia"	294
2020	"VEN"	"LCN"	"Latin America & Caribbean "	352
2020	"VNM"	"EAS"	"East Asia & Pacific"	310
2020	"VUT"	"EAS"	"East Asia & Pacific"	4
2020	"WSM"	"EAS"	"East Asia & Pacific"	14
2020	"YEM"	"MEA"	"Middle East & North Africa"	32
2020	"ZAF"	"SSF"	"Sub-Saharan Africa "	250
2020	"ZMB"	"SSF"	"Sub-Saharan Africa "	28
2020	"ZWE"	"SSF"	"Sub-Saharan Africa "	24
2021	"WLD"	"NA"	"*Others"	6265
2021	"AND"	"ECS"	"Europe & Central Asia"	1
2021	"ARE"	"MEA"	"Middle East & North Africa"	95
2021	"AFG"	"SAS"	"South Asia"	9
2021	"WLD"	"NA"	"*Others"	1
2021	"ALB"	"ECS"	"Europe & Central Asia"	19
2021	"ARM"	"ECS"	"Europe & Central Asia"	54
2021	"AGO"	"SSF"	"Sub-Saharan Africa "	27
2021	"ARG"	"LCN"	"Latin America & Caribbean "	1178
2021	"AUT"	"ECS"	"Europe & Central Asia"	83
2021	"AUS"	"EAS"	"East Asia & Pacific"	196
2021	"AZE"	"ECS"	"Europe & Central Asia"	13
2021	"BIH"	"ECS"	"Europe & Central Asia"	75
2021	"BRB"	"LCN"	"Latin America & Caribbean "	3
2021	"BGD"	"SAS"	"South Asia"	176
2021	"BEL"	"ECS"	"Europe & Central Asia"	210
2021	"BFA"	"SSF"	"Sub-Saharan Africa "	4
2021	"BGR"	"ECS"	"Europe & Central Asia"	111
2021	"BHR"	"MEA"	"Middle East & North Africa"	5
2021	"BDI"	"SSF"	"Sub-Saharan Africa "	1
2021	"BEN"	"SSF"	"Sub-Saharan Africa "	4
2021	"BRN"	"EAS"	"East Asia & Pacific"	9
2021	"BOL"	"LCN"	"Latin America & Caribbean "	127
2021	"BRA"	"LCN"	"Latin America & Caribbean "	8113
2021	"BTN"	"SAS"	"South Asia"	15
2021	"BWA"	"SSF"	"Sub-Saharan Africa "	13
2021	"BLR"	"ECS"	"Europe & Central Asia"	33
2021	"BLZ"	"LCN"	"Latin America & Caribbean "	8
2021	"CAN"	"NAC"	"North America"	920
2021	"AUS"	"EAS"	"East Asia & Pacific"	9
2021	"COD"	"SSF"	"Sub-Saharan Africa "	9
2021	"CAF"	"SSF"	"Sub-Saharan Africa "	5
2021	"COG"	"SSF"	"Sub-Saharan Africa "	3
2021	"CHE"	"ECS"	"Europe & Central Asia"	121
2021	"CIV"	"SSF"	"Sub-Saharan Africa "	2
2021	"CHL"	"LCN"	"Latin America & Caribbean "	460
2021	"CMR"	"SSF"	"Sub-Saharan Africa "	6
2021	"CHN"	"EAS"	"East Asia & Pacific"	125
2021	"COL"	"LCN"	"Latin America & Caribbean "	1421
2021	"CRI"	"LCN"	"Latin America & Caribbean "	296
2021	"CUB"	"LCN"	"Latin America & Caribbean "	132
2021	"CPV"	"SSF"	"Sub-Saharan Africa "	1
2021	"CYP"	"ECS"	"Europe & Central Asia"	91
2021	"CZE"	"ECS"	"Europe & Central Asia"	225
2021	"DEU"	"ECS"	"Europe & Central Asia"	1435
2021	"DNK"	"ECS"	"Europe & Central Asia"	279
2021	"DOM"	"LCN"	"Latin America & Caribbean "	24
2021	"DZA"	"MEA"	"Middle East & North Africa"	204
2021	"ECU"	"LCN"	"Latin America & Caribbean "	418
2021	"EST"	"ECS"	"Europe & Central Asia"	54
2021	"EGY"	"MEA"	"Middle East & North Africa"	38
2021	"WLD"	"NA"	"*Others"	1
2021	"ESP"	"ECS"	"Europe & Central Asia"	2255
2021	"ETH"	"SSF"	"Sub-Saharan Africa "	120
2021	"FIN"	"ECS"	"Europe & Central Asia"	179
2021	"FRA"	"ECS"	"Europe & Central Asia"	388
2021	"GAB"	"SSF"	"Sub-Saharan Africa "	5
2021	"GBR"	"ECS"	"Europe & Central Asia"	766
2021	"GRD"	"LCN"	"Latin America & Caribbean "	30
2021	"GEO"	"ECS"	"Europe & Central Asia"	119
2021	"GHA"	"SSF"	"Sub-Saharan Africa "	81
2021	"GMB"	"SSF"	"Sub-Saharan Africa "	4
2021	"GIN"	"SSF"	"Sub-Saharan Africa "	3
2021	"GNQ"	"SSF"	"Sub-Saharan Africa "	1
2021	"GRC"	"ECS"	"Europe & Central Asia"	170
2021	"GTM"	"LCN"	"Latin America & Caribbean "	40
2021	"HKG"	"EAS"	"East Asia & Pacific"	32
2021	"HND"	"LCN"	"Latin America & Caribbean "	27
2021	"HRV"	"ECS"	"Europe & Central Asia"	156
2021	"HTI"	"LCN"	"Latin America & Caribbean "	1
2021	"HUN"	"ECS"	"Europe & Central Asia"	247
2021	"IDN"	"EAS"	"East Asia & Pacific"	33191
2021	"IRL"	"ECS"	"Europe & Central Asia"	33
2021	"ISR"	"MEA"	"Middle East & North Africa"	11
2021	"IND"	"SAS"	"South Asia"	2293
2021	"WLD"	"NA"	"*Others"	15
2021	"IRQ"	"MEA"	"Middle East & North Africa"	332
2021	"IRN"	"MEA"	"Middle East & North Africa"	277
2021	"ISL"	"ECS"	"Europe & Central Asia"	16
2021	"ITA"	"ECS"	"Europe & Central Asia"	798
2021	"JAM"	"LCN"	"Latin America & Caribbean "	1
2021	"JOR"	"MEA"	"Middle East & North Africa"	80
2021	"JPN"	"EAS"	"East Asia & Pacific"	51
2021	"KEN"	"SSF"	"Sub-Saharan Africa "	301
2021	"KGZ"	"ECS"	"Europe & Central Asia"	17
2021	"KHM"	"EAS"	"East Asia & Pacific"	2
2021	"KOR"	"EAS"	"East Asia & Pacific"	19
2021	"KWT"	"MEA"	"Middle East & North Africa"	21
2021	"KAZ"	"ECS"	"Europe & Central Asia"	134
2021	"LAO"	"EAS"	"East Asia & Pacific"	4
2021	"LBN"	"MEA"	"Middle East & North Africa"	16
2021	"LKA"	"SAS"	"South Asia"	53
2021	"LSO"	"SSF"	"Sub-Saharan Africa "	2
2021	"LTU"	"ECS"	"Europe & Central Asia"	195
2021	"LUX"	"ECS"	"Europe & Central Asia"	4
2021	"LVA"	"ECS"	"Europe & Central Asia"	59
2021	"LBY"	"MEA"	"Middle East & North Africa"	80
2021	"MAR"	"MEA"	"Middle East & North Africa"	384
2021	"MDA"	"ECS"	"Europe & Central Asia"	14
2021	"MNE"	"ECS"	"Europe & Central Asia"	16
2021	"MDG"	"SSF"	"Sub-Saharan Africa "	1
2021	"MHL"	"EAS"	"East Asia & Pacific"	3
2021	"MKD"	"ECS"	"Europe & Central Asia"	75
2021	"MLI"	"SSF"	"Sub-Saharan Africa "	23
2021	"MMR"	"EAS"	"East Asia & Pacific"	4
2021	"MNG"	"EAS"	"East Asia & Pacific"	17
2021	"MLT"	"MEA"	"Middle East & North Africa"	1
2021	"MUS"	"SSF"	"Sub-Saharan Africa "	2
2021	"MDV"	"SAS"	"South Asia"	2
2021	"MWI"	"SSF"	"Sub-Saharan Africa "	6
2021	"MEX"	"LCN"	"Latin America & Caribbean "	1111
2021	"MYS"	"EAS"	"East Asia & Pacific"	916
2021	"MOZ"	"SSF"	"Sub-Saharan Africa "	20
2021	"NAM"	"SSF"	"Sub-Saharan Africa "	7
2021	"NGA"	"SSF"	"Sub-Saharan Africa "	671
2021	"NIC"	"LCN"	"Latin America & Caribbean "	58
2021	"NLD"	"ECS"	"Europe & Central Asia"	235
2021	"NOR"	"ECS"	"Europe & Central Asia"	104
2021	"NPL"	"SAS"	"South Asia"	278
2021	"NZL"	"EAS"	"East Asia & Pacific"	122
2021	"OMN"	"MEA"	"Middle East & North Africa"	14
2021	"PAN"	"LCN"	"Latin America & Caribbean "	73
2021	"PER"	"LCN"	"Latin America & Caribbean "	910
2021	"PHL"	"EAS"	"East Asia & Pacific"	243
2021	"PAK"	"SAS"	"South Asia"	991
2021	"POL"	"ECS"	"Europe & Central Asia"	955
2021	"PRI"	"LCN"	"Latin America & Caribbean "	33
2021	"PSE"	"MEA"	"Middle East & North Africa"	16
2021	"PRT"	"ECS"	"Europe & Central Asia"	405
2021	"PLW"	"EAS"	"East Asia & Pacific"	3
2021	"PRY"	"LCN"	"Latin America & Caribbean "	96
2021	"QAT"	"MEA"	"Middle East & North Africa"	8
2021	"FRA"	"ECS"	"Europe & Central Asia"	2
2021	"ROU"	"ECS"	"Europe & Central Asia"	356
2021	"SRB"	"ECS"	"Europe & Central Asia"	340
2021	"RUS"	"ECS"	"Europe & Central Asia"	1251
2021	"RWA"	"SSF"	"Sub-Saharan Africa "	4
2021	"SAU"	"MEA"	"Middle East & North Africa"	53
2021	"SYC"	"SSF"	"Sub-Saharan Africa "	1
2021	"SDN"	"SSF"	"Sub-Saharan Africa "	88
2021	"SWE"	"ECS"	"Europe & Central Asia"	160
2021	"SGP"	"EAS"	"East Asia & Pacific"	956
2021	"SVN"	"ECS"	"Europe & Central Asia"	97
2021	"SVK"	"ECS"	"Europe & Central Asia"	47
2021	"SLE"	"SSF"	"Sub-Saharan Africa "	1
2021	"SEN"	"SSF"	"Sub-Saharan Africa "	6
2021	"SOM"	"SSF"	"Sub-Saharan Africa "	2
2021	"SUR"	"LCN"	"Latin America & Caribbean "	1
2021	"SLV"	"LCN"	"Latin America & Caribbean "	47
2021	"SYR"	"MEA"	"Middle East & North Africa"	27
2021	"SWZ"	"SSF"	"Sub-Saharan Africa "	5
2021	"THA"	"EAS"	"East Asia & Pacific"	1297
2021	"NZL"	"EAS"	"East Asia & Pacific"	30
2021	"TLS"	"EAS"	"East Asia & Pacific"	8
2021	"TUN"	"MEA"	"Middle East & North Africa"	9
2021	"TON"	"EAS"	"East Asia & Pacific"	1
2021	"TUR"	"ECS"	"Europe & Central Asia"	575
2021	"TTO"	"LCN"	"Latin America & Caribbean "	17
2021	"TWN"	"EAS"	"East Asia & Pacific"	36
2021	"TZA"	"SSF"	"Sub-Saharan Africa "	51
2021	"UKR"	"ECS"	"Europe & Central Asia"	3163
2021	"UGA"	"SSF"	"Sub-Saharan Africa "	20
2021	"USA"	"NAC"	"North America"	5430
2021	"URY"	"LCN"	"Latin America & Caribbean "	97
2021	"UZB"	"ECS"	"Europe & Central Asia"	294
2021	"VEN"	"LCN"	"Latin America & Caribbean "	352
2021	"VNM"	"EAS"	"East Asia & Pacific"	310
2021	"VUT"	"EAS"	"East Asia & Pacific"	4
2021	"WSM"	"EAS"	"East Asia & Pacific"	14
2021	"YEM"	"MEA"	"Middle East & North Africa"	32
2021	"ZAF"	"SSF"	"Sub-Saharan Africa "	250
2021	"ZMB"	"SSF"	"Sub-Saharan Africa "	28
2021	"ZWE"	"SSF"	"Sub-Saharan Africa "	24
2022	"WLD"	"NA"	"*Others"	6265
2022	"AND"	"ECS"	"Europe & Central Asia"	1
2022	"ARE"	"MEA"	"Middle East & North Africa"	95
2022	"AFG"	"SAS"	"South Asia"	9
2022	"WLD"	"NA"	"*Others"	1
2022	"ALB"	"ECS"	"Europe & Central Asia"	19
2022	"ARM"	"ECS"	"Europe & Central Asia"	54
2022	"AGO"	"SSF"	"Sub-Saharan Africa "	27
2022	"ARG"	"LCN"	"Latin America & Caribbean "	1178
2022	"AUT"	"ECS"	"Europe & Central Asia"	83
2022	"AUS"	"EAS"	"East Asia & Pacific"	196
2022	"AZE"	"ECS"	"Europe & Central Asia"	13
2022	"BIH"	"ECS"	"Europe & Central Asia"	75
2022	"BRB"	"LCN"	"Latin America & Caribbean "	3
2022	"BGD"	"SAS"	"South Asia"	176
2022	"BEL"	"ECS"	"Europe & Central Asia"	210
2022	"BFA"	"SSF"	"Sub-Saharan Africa "	4
2022	"BGR"	"ECS"	"Europe & Central Asia"	111
2022	"BHR"	"MEA"	"Middle East & North Africa"	5
2022	"BDI"	"SSF"	"Sub-Saharan Africa "	1
2022	"BEN"	"SSF"	"Sub-Saharan Africa "	4
2022	"BRN"	"EAS"	"East Asia & Pacific"	9
2022	"BOL"	"LCN"	"Latin America & Caribbean "	127
2022	"BRA"	"LCN"	"Latin America & Caribbean "	8113
2022	"BTN"	"SAS"	"South Asia"	15
2022	"BWA"	"SSF"	"Sub-Saharan Africa "	13
2022	"BLR"	"ECS"	"Europe & Central Asia"	33
2022	"BLZ"	"LCN"	"Latin America & Caribbean "	8
2022	"CAN"	"NAC"	"North America"	920
2022	"AUS"	"EAS"	"East Asia & Pacific"	9
2022	"COD"	"SSF"	"Sub-Saharan Africa "	9
2022	"CAF"	"SSF"	"Sub-Saharan Africa "	5
2022	"COG"	"SSF"	"Sub-Saharan Africa "	3
2022	"CHE"	"ECS"	"Europe & Central Asia"	121
2022	"CIV"	"SSF"	"Sub-Saharan Africa "	2
2022	"CHL"	"LCN"	"Latin America & Caribbean "	460
2022	"CMR"	"SSF"	"Sub-Saharan Africa "	6
2022	"CHN"	"EAS"	"East Asia & Pacific"	125
2022	"COL"	"LCN"	"Latin America & Caribbean "	1421
2022	"CRI"	"LCN"	"Latin America & Caribbean "	296
2022	"CUB"	"LCN"	"Latin America & Caribbean "	132
2022	"CPV"	"SSF"	"Sub-Saharan Africa "	1
2022	"CYP"	"ECS"	"Europe & Central Asia"	91
2022	"CZE"	"ECS"	"Europe & Central Asia"	225
2022	"DEU"	"ECS"	"Europe & Central Asia"	1435
2022	"DNK"	"ECS"	"Europe & Central Asia"	279
2022	"DOM"	"LCN"	"Latin America & Caribbean "	24
2022	"DZA"	"MEA"	"Middle East & North Africa"	204
2022	"ECU"	"LCN"	"Latin America & Caribbean "	418
2022	"EST"	"ECS"	"Europe & Central Asia"	54
2022	"EGY"	"MEA"	"Middle East & North Africa"	38
2022	"WLD"	"NA"	"*Others"	1
2022	"ESP"	"ECS"	"Europe & Central Asia"	2255
2022	"ETH"	"SSF"	"Sub-Saharan Africa "	120
2022	"FIN"	"ECS"	"Europe & Central Asia"	179
2022	"FRA"	"ECS"	"Europe & Central Asia"	388
2022	"GAB"	"SSF"	"Sub-Saharan Africa "	5
2022	"GBR"	"ECS"	"Europe & Central Asia"	766
2022	"GRD"	"LCN"	"Latin America & Caribbean "	30
2022	"GEO"	"ECS"	"Europe & Central Asia"	119
2022	"GHA"	"SSF"	"Sub-Saharan Africa "	81
2022	"GMB"	"SSF"	"Sub-Saharan Africa "	4
2022	"GIN"	"SSF"	"Sub-Saharan Africa "	3
2022	"GNQ"	"SSF"	"Sub-Saharan Africa "	1
2022	"GRC"	"ECS"	"Europe & Central Asia"	170
2022	"GTM"	"LCN"	"Latin America & Caribbean "	40
2022	"HKG"	"EAS"	"East Asia & Pacific"	32
2022	"HND"	"LCN"	"Latin America & Caribbean "	27
2022	"HRV"	"ECS"	"Europe & Central Asia"	156
2022	"HTI"	"LCN"	"Latin America & Caribbean "	1
2022	"HUN"	"ECS"	"Europe & Central Asia"	247
2022	"IDN"	"EAS"	"East Asia & Pacific"	33191
2022	"IRL"	"ECS"	"Europe & Central Asia"	33
2022	"ISR"	"MEA"	"Middle East & North Africa"	11
2022	"IND"	"SAS"	"South Asia"	2293
2022	"WLD"	"NA"	"*Others"	15
2022	"IRQ"	"MEA"	"Middle East & North Africa"	332
2022	"IRN"	"MEA"	"Middle East & North Africa"	277
2022	"ISL"	"ECS"	"Europe & Central Asia"	16
2022	"ITA"	"ECS"	"Europe & Central Asia"	798
2022	"JAM"	"LCN"	"Latin America & Caribbean "	1
2022	"JOR"	"MEA"	"Middle East & North Africa"	80
2022	"JPN"	"EAS"	"East Asia & Pacific"	51
2022	"KEN"	"SSF"	"Sub-Saharan Africa "	301
2022	"KGZ"	"ECS"	"Europe & Central Asia"	17
2022	"KHM"	"EAS"	"East Asia & Pacific"	2
2022	"KOR"	"EAS"	"East Asia & Pacific"	19
2022	"KWT"	"MEA"	"Middle East & North Africa"	21
2022	"KAZ"	"ECS"	"Europe & Central Asia"	134
2022	"LAO"	"EAS"	"East Asia & Pacific"	4
2022	"LBN"	"MEA"	"Middle East & North Africa"	16
2022	"LKA"	"SAS"	"South Asia"	53
2022	"LSO"	"SSF"	"Sub-Saharan Africa "	2
2022	"LTU"	"ECS"	"Europe & Central Asia"	195
2022	"LUX"	"ECS"	"Europe & Central Asia"	4
2022	"LVA"	"ECS"	"Europe & Central Asia"	59
2022	"LBY"	"MEA"	"Middle East & North Africa"	80
2022	"MAR"	"MEA"	"Middle East & North Africa"	384
2022	"MDA"	"ECS"	"Europe & Central Asia"	14
2022	"MNE"	"ECS"	"Europe & Central Asia"	16
2022	"MDG"	"SSF"	"Sub-Saharan Africa "	1
2022	"MHL"	"EAS"	"East Asia & Pacific"	3
2022	"MKD"	"ECS"	"Europe & Central Asia"	75
2022	"MLI"	"SSF"	"Sub-Saharan Africa "	23
2022	"MMR"	"EAS"	"East Asia & Pacific"	4
2022	"MNG"	"EAS"	"East Asia & Pacific"	17
2022	"MLT"	"MEA"	"Middle East & North Africa"	1
2022	"MUS"	"SSF"	"Sub-Saharan Africa "	2
2022	"MDV"	"SAS"	"South Asia"	2
2022	"MWI"	"SSF"	"Sub-Saharan Africa "	6
2022	"MEX"	"LCN"	"Latin America & Caribbean "	1111
2022	"MYS"	"EAS"	"East Asia & Pacific"	916
2022	"MOZ"	"SSF"	"Sub-Saharan Africa "	20
2022	"NAM"	"SSF"	"Sub-Saharan Africa "	7
2022	"NGA"	"SSF"	"Sub-Saharan Africa "	671
2022	"NIC"	"LCN"	"Latin America & Caribbean "	58
2022	"NLD"	"ECS"	"Europe & Central Asia"	235
2022	"NOR"	"ECS"	"Europe & Central Asia"	104
2022	"NPL"	"SAS"	"South Asia"	278
2022	"NZL"	"EAS"	"East Asia & Pacific"	122
2022	"OMN"	"MEA"	"Middle East & North Africa"	14
2022	"PAN"	"LCN"	"Latin America & Caribbean "	73
2022	"PER"	"LCN"	"Latin America & Caribbean "	910
2022	"PHL"	"EAS"	"East Asia & Pacific"	243
2022	"PAK"	"SAS"	"South Asia"	991
2022	"POL"	"ECS"	"Europe & Central Asia"	955
2022	"PRI"	"LCN"	"Latin America & Caribbean "	33
2022	"PSE"	"MEA"	"Middle East & North Africa"	16
2022	"PRT"	"ECS"	"Europe & Central Asia"	405
2022	"PLW"	"EAS"	"East Asia & Pacific"	3
2022	"PRY"	"LCN"	"Latin America & Caribbean "	96
2022	"QAT"	"MEA"	"Middle East & North Africa"	8
2022	"FRA"	"ECS"	"Europe & Central Asia"	2
2022	"ROU"	"ECS"	"Europe & Central Asia"	356
2022	"SRB"	"ECS"	"Europe & Central Asia"	340
2022	"RUS"	"ECS"	"Europe & Central Asia"	1251
2022	"RWA"	"SSF"	"Sub-Saharan Africa "	4
2022	"SAU"	"MEA"	"Middle East & North Africa"	53
2022	"SYC"	"SSF"	"Sub-Saharan Africa "	1
2022	"SDN"	"SSF"	"Sub-Saharan Africa "	88
2022	"SWE"	"ECS"	"Europe & Central Asia"	160
2022	"SGP"	"EAS"	"East Asia & Pacific"	956
2022	"SVN"	"ECS"	"Europe & Central Asia"	97
2022	"SVK"	"ECS"	"Europe & Central Asia"	47
2022	"SLE"	"SSF"	"Sub-Saharan Africa "	1
2022	"SEN"	"SSF"	"Sub-Saharan Africa "	6
2022	"SOM"	"SSF"	"Sub-Saharan Africa "	2
2022	"SUR"	"LCN"	"Latin America & Caribbean "	1
2022	"SLV"	"LCN"	"Latin America & Caribbean "	47
2022	"SYR"	"MEA"	"Middle East & North Africa"	27
2022	"SWZ"	"SSF"	"Sub-Saharan Africa "	5
2022	"THA"	"EAS"	"East Asia & Pacific"	1297
2022	"NZL"	"EAS"	"East Asia & Pacific"	30
2022	"TLS"	"EAS"	"East Asia & Pacific"	8
2022	"TUN"	"MEA"	"Middle East & North Africa"	9
2022	"TON"	"EAS"	"East Asia & Pacific"	1
2022	"TUR"	"ECS"	"Europe & Central Asia"	575
2022	"TTO"	"LCN"	"Latin America & Caribbean "	17
2022	"TWN"	"EAS"	"East Asia & Pacific"	36
2022	"TZA"	"SSF"	"Sub-Saharan Africa "	51
2022	"UKR"	"ECS"	"Europe & Central Asia"	3163
2022	"UGA"	"SSF"	"Sub-Saharan Africa "	20
2022	"USA"	"NAC"	"North America"	5430
2022	"URY"	"LCN"	"Latin America & Caribbean "	97
2022	"UZB"	"ECS"	"Europe & Central Asia"	294
2022	"VEN"	"LCN"	"Latin America & Caribbean "	352
2022	"VNM"	"EAS"	"East Asia & Pacific"	310
2022	"VUT"	"EAS"	"East Asia & Pacific"	4
2022	"WSM"	"EAS"	"East Asia & Pacific"	14
2022	"YEM"	"MEA"	"Middle East & North Africa"	32
2022	"ZAF"	"SSF"	"Sub-Saharan Africa "	250
2022	"ZMB"	"SSF"	"Sub-Saharan Africa "	28
2022	"ZWE"	"SSF"	"Sub-Saharan Africa "	24
